-- phpMyAdmin SQL Dump
-- version 5.2.0
-- https://www.phpmyadmin.net/
--
-- Hôte : 127.0.0.1:3306
-- Généré le : lun. 23 oct. 2023 à 10:14
-- Version du serveur : 8.0.31
-- Version de PHP : 8.2.0

SET SQL_MODE = "NO_AUTO_VALUE_ON_ZERO";
START TRANSACTION;
SET time_zone = "+00:00";


/*!40101 SET @OLD_CHARACTER_SET_CLIENT=@@CHARACTER_SET_CLIENT */;
/*!40101 SET @OLD_CHARACTER_SET_RESULTS=@@CHARACTER_SET_RESULTS */;
/*!40101 SET @OLD_COLLATION_CONNECTION=@@COLLATION_CONNECTION */;
/*!40101 SET NAMES utf8mb4 */;

--
-- Base de données : `loto`
--

-- --------------------------------------------------------

--
-- Structure de la table `distributed_tickets`
--

DROP TABLE IF EXISTS `distributed_tickets`;
CREATE TABLE IF NOT EXISTS `distributed_tickets` (
  `id` int NOT NULL AUTO_INCREMENT,
  `numero` varchar(10) CHARACTER SET utf8mb4 COLLATE utf8mb4_unicode_ci NOT NULL,
  PRIMARY KEY (`id`)
) ENGINE=InnoDB AUTO_INCREMENT=4057 DEFAULT CHARSET=utf8mb4 COLLATE=utf8mb4_unicode_ci;

--
-- Déchargement des données de la table `distributed_tickets`
--

INSERT INTO `distributed_tickets` (`id`, `numero`) VALUES
(7, '6338102592'),
(9, '1380915385'),
(11, '2334260366'),
(14, '7756764602'),
(16, '3485768587'),
(17, '6776793961'),
(18, '8915485852'),
(20, '5172581032'),
(21, '8394071793'),
(22, '8003774204'),
(23, '3934830673'),
(24, '5781445058'),
(26, '4570590845'),
(27, '8022127245'),
(29, '5400156556'),
(30, '9182902665'),
(31, '2484990150'),
(33, '1652690919'),
(34, '4823530811'),
(35, '5066086107'),
(36, '7124306886'),
(37, '1231974574'),
(38, '9702270354'),
(39, '2148990965'),
(40, '6498242527'),
(41, '7061784803'),
(42, '2548369045'),
(43, '3211656012'),
(44, '8575205059'),
(45, '8740182772'),
(46, '9816705686'),
(47, '2094283508'),
(48, '6830320592'),
(49, '9444463346'),
(51, '1677537217'),
(52, '5602879501'),
(53, '6527331389'),
(54, '2310922165'),
(55, '8747294300'),
(56, '1015343813'),
(57, '4712644483'),
(58, '4745873761'),
(59, '5437911693'),
(60, '9786394107'),
(61, '2051960740'),
(62, '2430399061'),
(63, '1603496417'),
(64, '1580376816'),
(65, '3026626458'),
(66, '4078884338'),
(67, '4704181003'),
(68, '8257030359'),
(69, '5057705387'),
(70, '8825935383'),
(71, '2514094605'),
(72, '2123056712'),
(73, '1444183278'),
(74, '9775523712'),
(75, '7915121726'),
(76, '3525299832'),
(77, '2020480473'),
(78, '7770304913'),
(79, '3762892317'),
(80, '7159865903'),
(81, '5314434254'),
(82, '5005277873'),
(83, '5844589211'),
(84, '5703582057'),
(85, '7577137240'),
(86, '1205056043'),
(87, '2586010680'),
(88, '3928592990'),
(89, '3562610793'),
(90, '2907191985'),
(91, '4258793634'),
(92, '9112779855'),
(93, '8738225119'),
(94, '2938479361'),
(95, '6813861870'),
(96, '2783328468'),
(97, '5159048384'),
(98, '3094742270'),
(99, '7140579222'),
(100, '3675623938'),
(101, '3057360456'),
(102, '1971509187'),
(103, '6839010871'),
(104, '9889806127'),
(105, '5167602272'),
(106, '1032806619'),
(107, '1233781596'),
(108, '6897208717'),
(109, '1076683013'),
(110, '4548278298'),
(111, '7858726731'),
(112, '629292553'),
(113, '966971798'),
(114, '9678274251'),
(115, '5820081676'),
(116, '6457998455'),
(117, '9324156879'),
(118, '7313001754'),
(119, '5863011853'),
(120, '7624108900'),
(121, '7439781133'),
(122, '1191497215'),
(123, '8812090403'),
(124, '4400347300'),
(125, '1171050374'),
(126, '2033213551'),
(127, '4789705486'),
(128, '1677148934'),
(129, '7354274115'),
(130, '9254617063'),
(131, '8651902859'),
(132, '8833259950'),
(133, '7127863561'),
(134, '565390769'),
(135, '1712880126'),
(136, '3616866746'),
(137, '6363929828'),
(138, '9654781482'),
(139, '2362296804'),
(140, '9543388521'),
(141, '8578181726'),
(142, '3089304801'),
(143, '6007701680'),
(144, '4393491453'),
(145, '4649992609'),
(146, '4753302323'),
(147, '109544749'),
(148, '5399325213'),
(149, '2937604905'),
(150, '65581069'),
(151, '8970578867'),
(152, '5971188376'),
(153, '7297075674'),
(154, '3405851486'),
(155, '6760496405'),
(156, '6554650287'),
(157, '3221053412'),
(158, '8398776129'),
(159, '3656513814'),
(160, '3212628'),
(161, '9086573835'),
(162, '7536672698'),
(163, '124536883'),
(164, '5414157712'),
(165, '4080742130'),
(166, '5540499638'),
(167, '5866612309'),
(168, '4075464443'),
(169, '5215272648'),
(170, '5318508897'),
(171, '9474796923'),
(172, '8947454656'),
(173, '2824854028'),
(174, '4785289195'),
(175, '2649201313'),
(176, '5927937493'),
(177, '8393985014'),
(178, '1534776936'),
(179, '1008621042'),
(180, '1778756367'),
(181, '750465223'),
(182, '5255108031'),
(183, '910726990'),
(184, '6666805441'),
(185, '1241411063'),
(186, '6763782283'),
(187, '3964051895'),
(188, '1657840695'),
(189, '5356252666'),
(190, '7599685595'),
(191, '2550872357'),
(192, '108366693'),
(193, '9544474215'),
(194, '462279610'),
(195, '6701603915'),
(196, '5977225356'),
(197, '6569844155'),
(198, '149158880'),
(199, '3813966036'),
(200, '3922416712'),
(201, '5742821664'),
(202, '8887329187'),
(203, '4833005657'),
(204, '6940227369'),
(205, '1059219935'),
(206, '5394020828'),
(207, '8944044658'),
(208, '8174040155'),
(209, '2179931080'),
(210, '9629608723'),
(211, '7576179300'),
(212, '9013013542'),
(213, '4750041335'),
(214, '864413578'),
(215, '1047121994'),
(216, '8444220510'),
(217, '7948998175'),
(218, '7649806639'),
(219, '5561095965'),
(220, '5312765328'),
(221, '3575497597'),
(222, '4326646890'),
(223, '4300456784'),
(224, '7708569790'),
(225, '2531281481'),
(226, '4434637300'),
(227, '545611465'),
(228, '6844150345'),
(229, '8884973219'),
(230, '534430936'),
(231, '6382648254'),
(232, '3199049864'),
(233, '5846263355'),
(234, '68298835'),
(235, '9475712508'),
(236, '6173562252'),
(237, '5573151607'),
(238, '4261752974'),
(239, '1181937032'),
(240, '1614044906'),
(241, '8791117413'),
(242, '1337449936'),
(243, '2499920150'),
(244, '5417381771'),
(245, '1024651790'),
(246, '9981804950'),
(247, '5958048104'),
(248, '1920692355'),
(249, '2786744740'),
(250, '2343045838'),
(251, '2844278318'),
(252, '888524963'),
(253, '7933923347'),
(254, '3210796323'),
(255, '2626586058'),
(256, '318023066'),
(257, '3128707068'),
(258, '2483784952'),
(259, '137528294'),
(260, '4151935447'),
(261, '3200365334'),
(262, '420958137'),
(263, '9064961193'),
(264, '376602180'),
(265, '3115139383'),
(266, '6882323879'),
(267, '1944222363'),
(268, '8430779800'),
(269, '9105056884'),
(270, '5181746166'),
(271, '3401131172'),
(272, '1724664157'),
(273, '6630810110'),
(274, '8664632529'),
(275, '6680664255'),
(276, '733018822'),
(277, '7289530648'),
(278, '2115609197'),
(279, '3170937322'),
(280, '2021176708'),
(281, '8875082495'),
(282, '5708963910'),
(283, '148961421'),
(284, '2025258189'),
(285, '5700113124'),
(286, '1763890971'),
(287, '7674071287'),
(288, '8223147876'),
(289, '1757701994'),
(290, '4379393918'),
(291, '8118273318'),
(292, '3168973464'),
(293, '9437388051'),
(294, '2320814188'),
(295, '4594713767'),
(296, '3469482702'),
(297, '7357127617'),
(298, '8906992030'),
(299, '3933479220'),
(300, '7555997745'),
(301, '6219986035'),
(302, '1196084544'),
(303, '7007025760'),
(304, '9441520147'),
(305, '5863039070'),
(306, '5079288103'),
(307, '5794920204'),
(308, '3394517519'),
(309, '433286388'),
(310, '1601205207'),
(311, '261068123'),
(312, '5964541379'),
(313, '6745969182'),
(314, '4349413823'),
(315, '1419372218'),
(316, '6994226864'),
(317, '2650532373'),
(318, '5846900108'),
(319, '9852765371'),
(320, '8966756566'),
(321, '373205399'),
(322, '6766634662'),
(323, '223943484'),
(324, '9900998679'),
(325, '1667685138'),
(326, '8540056854'),
(327, '356719715'),
(328, '7816921827'),
(329, '9722153611'),
(330, '1183777862'),
(331, '3797995663'),
(332, '135025189'),
(333, '9424369000'),
(334, '9096974083'),
(335, '8969251213'),
(336, '7085911772'),
(337, '9877255623'),
(338, '2920848789'),
(339, '8500677922'),
(340, '4637214602'),
(341, '3323324541'),
(342, '4839590581'),
(343, '8205614411'),
(344, '3774707062'),
(345, '7790140156'),
(346, '621141497'),
(347, '6417581119'),
(348, '4830241103'),
(349, '8988057061'),
(350, '966718436'),
(351, '8926182148'),
(352, '2511489386'),
(353, '2824413744'),
(354, '5312142406'),
(355, '8881139801'),
(356, '3955251864'),
(357, '6206897497'),
(358, '4982574858'),
(359, '9026360556'),
(360, '2985057687'),
(361, '2384285138'),
(362, '5204516486'),
(363, '2852789402'),
(364, '1677075755'),
(365, '4308643371'),
(366, '649562776'),
(367, '3728632447'),
(368, '9908401149'),
(369, '2240134291'),
(370, '3218273317'),
(371, '9781321174'),
(372, '7310639135'),
(373, '9688981781'),
(374, '5140393394'),
(375, '9415504309'),
(376, '5687883904'),
(377, '465002911'),
(378, '1906276618'),
(379, '7332476050'),
(380, '4451400282'),
(381, '7890534131'),
(382, '1624889963'),
(383, '2254115971'),
(384, '8799898172'),
(385, '4220181033'),
(386, '2158374606'),
(387, '5311825100'),
(388, '300368298'),
(389, '8308977126'),
(390, '9216497767'),
(391, '4724101587'),
(392, '4385826211'),
(393, '2983187812'),
(394, '5367201561'),
(395, '9296105823'),
(396, '2920992422'),
(397, '2767476387'),
(398, '805315275'),
(399, '4223104897'),
(400, '2370772662'),
(401, '1351519858'),
(402, '6138547224'),
(403, '860076003'),
(404, '4975303238'),
(405, '8606198396'),
(406, '9393635284'),
(407, '7990867541'),
(408, '9029719533'),
(409, '9105853784'),
(410, '6485754604'),
(411, '9364003169'),
(412, '4366198382'),
(413, '1182373021'),
(414, '7685393138'),
(415, '7314337844'),
(416, '5141404172'),
(417, '5046748373'),
(418, '2163221706'),
(419, '2182793272'),
(420, '691354662'),
(421, '5757960366'),
(422, '3872510949'),
(423, '8296577852'),
(424, '9693364323'),
(425, '9446026614'),
(426, '9544468654'),
(427, '6387979982'),
(428, '1395009866'),
(429, '355556467'),
(430, '4753967543'),
(431, '3311909079'),
(432, '2233153087'),
(433, '8311151154'),
(434, '5490337247'),
(435, '9848756076'),
(436, '9595066657'),
(437, '2229247611'),
(438, '7604059600'),
(439, '323660366'),
(440, '4173867080'),
(441, '7221450586'),
(442, '9409794197'),
(443, '2095054372'),
(444, '5483601550'),
(445, '7984212730'),
(446, '1502596365'),
(447, '2060816317'),
(448, '8076347379'),
(449, '6315052874'),
(450, '1349523671'),
(451, '7914689796'),
(452, '8958058343'),
(453, '6606639466'),
(454, '2024706990'),
(455, '7228824947'),
(456, '2269347697'),
(457, '3909646391'),
(458, '8512611768'),
(459, '1736149366'),
(460, '889167422'),
(461, '7290189189'),
(462, '9126881545'),
(463, '7091838392'),
(464, '8767346298'),
(465, '9436229211'),
(466, '9957224487'),
(467, '7465467574'),
(468, '7722501544'),
(469, '3546365593'),
(470, '8882158253'),
(471, '7356454218'),
(472, '2133500879'),
(473, '275205676'),
(474, '2762609560'),
(475, '5356678293'),
(476, '3844677419'),
(477, '7330373357'),
(478, '2038109797'),
(479, '6829646661'),
(480, '6872326757'),
(481, '9642813818'),
(482, '1622143798'),
(483, '4441594760'),
(484, '7172093045'),
(485, '2245692429'),
(486, '46575620'),
(487, '4156489943'),
(488, '7304251376'),
(489, '6643952098'),
(490, '3620160111'),
(491, '3249886790'),
(492, '7821354363'),
(493, '4797569851'),
(494, '9962452770'),
(495, '9683159976'),
(496, '854895870'),
(497, '4054740761'),
(498, '3479628760'),
(499, '5199908284'),
(500, '9026015864'),
(501, '9830821550'),
(502, '2331896057'),
(503, '2376067963'),
(504, '4596890215'),
(505, '7314285257'),
(506, '4935163016'),
(507, '8799828939'),
(508, '6451643499'),
(509, '1482152338'),
(510, '1612456763'),
(511, '3544214194'),
(512, '206127045'),
(513, '9057123376'),
(514, '5405934215'),
(515, '9759999376'),
(516, '8735082643'),
(517, '3182239516'),
(518, '9666840497'),
(519, '882663453'),
(520, '1611608449'),
(521, '218169718'),
(522, '1945233094'),
(523, '5057842114'),
(524, '7435590469'),
(525, '8018875200'),
(526, '3896788148'),
(527, '8275054147'),
(528, '4263183409'),
(529, '3370325307'),
(530, '5941225087'),
(531, '1990881546'),
(532, '6768480662'),
(533, '401394321'),
(534, '8038547657'),
(535, '6825927902'),
(536, '3451756217'),
(537, '2751097552'),
(538, '3976790476'),
(539, '9115781253'),
(540, '7945609798'),
(541, '7619106707'),
(542, '4578558880'),
(543, '8915437787'),
(544, '6538268245'),
(545, '5015723081'),
(546, '1720873622'),
(547, '7444209418'),
(548, '7017773703'),
(549, '5780263593'),
(550, '7758514248'),
(551, '3498744763'),
(552, '9168900489'),
(553, '8787588008'),
(554, '4903685054'),
(555, '4388010610'),
(556, '4835339815'),
(557, '8501427833'),
(558, '2638770569'),
(559, '3845938151'),
(560, '7767130059'),
(561, '5703303901'),
(562, '3637222360'),
(563, '4876579188'),
(564, '7576596706'),
(565, '929852585'),
(566, '3859717512'),
(567, '594856718'),
(568, '513284014'),
(569, '9562738446'),
(570, '494636306'),
(571, '2625457516'),
(572, '8230051471'),
(573, '633288716'),
(574, '2281959614'),
(575, '9191815494'),
(576, '3864256774'),
(577, '8300322823'),
(578, '6923408640'),
(579, '637556828'),
(580, '9623336084'),
(581, '4736658168'),
(582, '3542637571'),
(583, '5229523942'),
(584, '3440225464'),
(585, '2720938660'),
(586, '6764441153'),
(587, '3915730680'),
(588, '2361820664'),
(589, '8045522685'),
(590, '7288167264'),
(591, '7847848556'),
(592, '5536321116'),
(593, '9134515229'),
(594, '3772902008'),
(595, '2411566368'),
(596, '509212905'),
(597, '6737211002'),
(598, '8266123493'),
(599, '1024913437'),
(600, '7637136285'),
(601, '9882302194'),
(602, '4006354919'),
(603, '689694225'),
(604, '8732488083'),
(605, '7744778918'),
(606, '3605753803'),
(607, '4478811183'),
(608, '8119345787'),
(609, '4315635326'),
(610, '7629170519'),
(611, '3921671808'),
(612, '8953485456'),
(613, '23357218'),
(614, '6870085907'),
(615, '3093917686'),
(616, '1950541216'),
(617, '2798978410'),
(618, '8908990309'),
(619, '1602999091'),
(620, '418489548'),
(621, '9100058633'),
(622, '2631000667'),
(623, '8767238992'),
(624, '8867455567'),
(625, '8718860662'),
(626, '5088081735'),
(627, '5741810794'),
(628, '4118477448'),
(629, '4263686643'),
(630, '6093473192'),
(631, '2382822986'),
(632, '9175350224'),
(633, '1223642853'),
(634, '6342897855'),
(635, '4315862998'),
(636, '5917613676'),
(637, '6752443940'),
(638, '8704651254'),
(639, '7452213208'),
(640, '2445251447'),
(641, '6951949470'),
(642, '2834915895'),
(643, '5615341118'),
(644, '2334467009'),
(645, '2759727217'),
(646, '174802014'),
(647, '3228436923'),
(648, '867706321'),
(649, '3643398083'),
(650, '9263592683'),
(651, '9369220233'),
(652, '1847095965'),
(653, '1291424724'),
(654, '6727591634'),
(655, '1101239022'),
(656, '3745338833'),
(657, '7211874489'),
(658, '8400744848'),
(659, '122003642'),
(660, '3584585435'),
(661, '1378835224'),
(662, '752593208'),
(663, '3348360326'),
(664, '7447000104'),
(665, '6990485114'),
(666, '2007662452'),
(667, '8201941335'),
(668, '5607671000'),
(669, '2744453705'),
(670, '457758061'),
(671, '5458914524'),
(672, '7940114244'),
(673, '1191467432'),
(674, '724013208'),
(675, '4848820064'),
(676, '9398190623'),
(677, '9792593735'),
(678, '1048153907'),
(679, '4822573415'),
(680, '9263582765'),
(681, '5247262567'),
(682, '5184524455'),
(683, '5671448366'),
(684, '8743506025'),
(685, '1754136656'),
(686, '4012407019'),
(687, '8752219568'),
(688, '6069100827'),
(689, '8102272235'),
(690, '3674370384'),
(691, '2536512555'),
(692, '717633942'),
(693, '7786763707'),
(694, '2441435531'),
(695, '7843407606'),
(696, '101178270'),
(697, '5565549045'),
(698, '6931690241'),
(699, '5621088573'),
(700, '8933661454'),
(701, '5771801849'),
(702, '2076635380'),
(703, '4225250759'),
(704, '107813598'),
(705, '6173886511'),
(706, '548331052'),
(707, '6593012038'),
(708, '8117168738'),
(709, '9721755126'),
(710, '5271527020'),
(711, '329750686'),
(712, '4309342833'),
(713, '9132897938'),
(714, '9813492274'),
(715, '1066578209'),
(716, '5973239835'),
(717, '6688562393'),
(718, '6989672514'),
(719, '6444534717'),
(720, '6920846523'),
(721, '4626940557'),
(722, '2344901995'),
(723, '398066796'),
(724, '2651722913'),
(725, '8629279233'),
(726, '4096746372'),
(727, '2057348712'),
(728, '9748426386'),
(729, '6248956667'),
(730, '4923325913'),
(731, '5201186390'),
(732, '1749423031'),
(733, '6512066298'),
(734, '1666197163'),
(735, '1294350265'),
(736, '5215566067'),
(737, '5001400154'),
(738, '7786403393'),
(739, '1663694154'),
(740, '3278509584'),
(741, '6106488388'),
(742, '3795935538'),
(743, '376149923'),
(744, '7366090070'),
(745, '4430010709'),
(746, '7223635861'),
(747, '4617947520'),
(748, '4181897801'),
(749, '5383778513'),
(750, '478515774'),
(751, '2894672506'),
(752, '6682832784'),
(753, '1713876145'),
(754, '6005603876'),
(755, '7297239582'),
(756, '7909181414'),
(757, '5133035104'),
(758, '9153766354'),
(759, '3859862713'),
(760, '2375014491'),
(761, '1085051250'),
(762, '20882336'),
(763, '3314170246'),
(764, '8077610074'),
(765, '6718118340'),
(766, '774260381'),
(767, '9969767731'),
(768, '9125139463'),
(769, '8461657346'),
(770, '7889085869'),
(771, '9737922083'),
(772, '1229018578'),
(773, '2420304596'),
(774, '7026592308'),
(775, '891439419'),
(776, '3285554786'),
(777, '6901244969'),
(778, '2948187864'),
(779, '245152906'),
(780, '3624687442'),
(781, '107423454'),
(782, '8695018978'),
(783, '6974541655'),
(784, '6430729626'),
(785, '4024640584'),
(786, '2653240763'),
(787, '1279904362'),
(788, '1697464779'),
(789, '6325371519'),
(790, '3094292424'),
(791, '6847094402'),
(792, '542031693'),
(793, '1789623460'),
(794, '2887273743'),
(795, '105509364'),
(796, '8759711036'),
(797, '2521365897'),
(798, '3819826806'),
(799, '7831950244'),
(800, '627198459'),
(801, '686943398'),
(802, '8820254995'),
(803, '3650246764'),
(804, '3483998194'),
(805, '8880976420'),
(806, '8059369448'),
(807, '2885887715'),
(808, '9996994087'),
(809, '4370899379'),
(810, '7535396303'),
(811, '52882055'),
(812, '5683385818'),
(813, '9211982736'),
(814, '9898027513'),
(815, '7001550801'),
(816, '9246478949'),
(817, '2171766314'),
(818, '9090844797'),
(819, '2956391267'),
(820, '26168942'),
(821, '7741946734'),
(822, '8088253650'),
(823, '2863149866'),
(824, '2047439977'),
(825, '5403562470'),
(826, '14322875'),
(827, '5721598610'),
(828, '4483741206'),
(829, '5900905889'),
(830, '8564990213'),
(831, '7347659934'),
(832, '8363313433'),
(833, '8083310142'),
(834, '6638372911'),
(835, '229589653'),
(836, '9225167676'),
(837, '9007592738'),
(838, '1424444355'),
(839, '9986582415'),
(840, '3713161133'),
(841, '3842639786'),
(842, '9686928597'),
(843, '934467582'),
(844, '5157425551'),
(845, '2682941850'),
(846, '6356507253'),
(847, '2378194724'),
(848, '9250546650'),
(849, '6254834506'),
(850, '4630460772'),
(851, '2688704425'),
(852, '738625036'),
(853, '5144771209'),
(854, '1993121064'),
(855, '5662597598'),
(856, '9922797002'),
(857, '5938248647'),
(858, '8581429132'),
(859, '9334503070'),
(860, '7755991211'),
(861, '8389781215'),
(862, '7553722276'),
(863, '6756092846'),
(864, '7625746737'),
(865, '69460441'),
(866, '194198579'),
(867, '6095436613'),
(868, '2685444894'),
(869, '8151109698'),
(870, '1195112850'),
(871, '4405546808'),
(872, '708974745'),
(873, '7329831268'),
(874, '3125890112'),
(875, '4496813992'),
(876, '8753947094'),
(877, '981144880'),
(878, '7713394113'),
(879, '6590266163'),
(880, '7924096877'),
(881, '5694767100'),
(882, '8894031248'),
(883, '1569923759'),
(884, '3008585825'),
(885, '5348805614'),
(886, '7746400322'),
(887, '7029902682'),
(888, '7457790004'),
(889, '8082353626'),
(890, '4185383265'),
(891, '82518070'),
(892, '1299747725'),
(893, '4371674714'),
(894, '6484697680'),
(895, '5049893977'),
(896, '7677647309'),
(897, '1453481202'),
(898, '3034892879'),
(899, '2009520757'),
(900, '8589912550'),
(901, '5745569860'),
(902, '4377101104'),
(903, '8017204693'),
(904, '6219882332'),
(905, '2020074977'),
(906, '9526777733'),
(907, '380655027'),
(908, '996043838'),
(909, '573528719'),
(910, '1760533244'),
(911, '6457038043'),
(912, '1241218746'),
(913, '7548481956'),
(914, '1750993456'),
(915, '8514127442'),
(916, '5196168398'),
(917, '6358543328'),
(918, '1022686868'),
(919, '6788044057'),
(920, '1362565716'),
(921, '6160893667'),
(922, '7329517871'),
(923, '6481488637'),
(924, '8013788567'),
(925, '8428107709'),
(926, '2999133268'),
(927, '3016470401'),
(928, '125046123'),
(929, '1848549571'),
(930, '7592427443'),
(931, '3712551623'),
(932, '9949862437'),
(933, '6693668395'),
(934, '7989113834'),
(935, '3355751801'),
(936, '2235687485'),
(937, '309048616'),
(938, '3230600410'),
(939, '6121608894'),
(940, '8315199728'),
(941, '7984305416'),
(942, '8688400262'),
(943, '4171611596'),
(944, '3952835134'),
(945, '8865392689'),
(946, '7698767169'),
(947, '9240427033'),
(948, '627314975'),
(949, '4647783617'),
(950, '3129154340'),
(951, '2329934843'),
(952, '3934720341'),
(953, '7694099719'),
(954, '3828747094'),
(955, '7700935736'),
(956, '9313370614'),
(957, '8416053676'),
(958, '6730236825'),
(959, '5609857825'),
(960, '7279913887'),
(961, '2947076158'),
(962, '2223068539'),
(963, '3142628240'),
(964, '8619569959'),
(965, '7335177813'),
(966, '6662931466'),
(967, '1857306791'),
(968, '6476231498'),
(969, '2369836214'),
(970, '9846123869'),
(971, '5236786125'),
(972, '8683939378'),
(973, '5525396654'),
(974, '5188842110'),
(975, '2562933152'),
(976, '474108552'),
(977, '7922435068'),
(978, '9487150796'),
(979, '4949603759'),
(980, '7359705292'),
(981, '1703527405'),
(982, '2477514844'),
(983, '3599859805'),
(984, '6072649006'),
(985, '5579281289'),
(986, '4394958142'),
(987, '4168922502'),
(988, '146588883'),
(989, '4889712280'),
(990, '9718873064'),
(991, '4996627777'),
(992, '7537833219'),
(993, '34194300'),
(994, '60327237'),
(995, '136246266'),
(996, '772653782'),
(997, '4881717587'),
(998, '8953987526'),
(999, '3250502346'),
(1000, '7970910268'),
(1001, '5806434893'),
(1002, '8479678693'),
(1003, '8023605068'),
(1004, '854433458'),
(1005, '535595818'),
(1006, '3504011789'),
(1007, '6345828471'),
(1008, '6028131641'),
(1009, '2228043621'),
(1010, '900796229'),
(1011, '6727483034'),
(1012, '838814750'),
(1013, '9758387812'),
(1014, '8105400817'),
(1015, '3061294232'),
(1016, '3409670330'),
(1017, '9655696689'),
(1018, '4123765230'),
(1019, '6298296247'),
(1020, '980433730'),
(1021, '2907577953'),
(1022, '4825201337'),
(1023, '2212615165'),
(1024, '6740903762'),
(1025, '8013032427'),
(1026, '9484846822'),
(1027, '7764926956'),
(1028, '5418254208'),
(1029, '7555581336'),
(1030, '8905154331'),
(1031, '1715452496'),
(1032, '9585657018'),
(1033, '1512022743'),
(1034, '9044194926'),
(1035, '510522944'),
(1036, '3551315557'),
(1037, '1773105883'),
(1038, '358097686'),
(1039, '4809234000'),
(1040, '2816081261'),
(1041, '9465933281'),
(1042, '6733600861'),
(1043, '5499962703'),
(1044, '6100561437'),
(1045, '9758528797'),
(1046, '5751785863'),
(1047, '8434576601'),
(1048, '5536474954'),
(1049, '3444204254'),
(1050, '9081401843'),
(1051, '6631950214'),
(1052, '8675054198'),
(1053, '6955965512'),
(1054, '1525745758'),
(1055, '4825354761'),
(1056, '4346406110'),
(1057, '2589343628'),
(1058, '1655535190'),
(1059, '2680278684'),
(1060, '2750622616'),
(1061, '3455698423'),
(1062, '3710051862'),
(1063, '4592455806'),
(1064, '2239597116'),
(1065, '4384975707'),
(1066, '194059330'),
(1067, '4475022520'),
(1068, '8869247047'),
(1069, '694781767'),
(1070, '7692068830'),
(1071, '4741573784'),
(1072, '7129347150'),
(1073, '7066355504'),
(1074, '6935774287'),
(1075, '5216186801'),
(1076, '8852823028'),
(1077, '150363073'),
(1078, '9261093992'),
(1079, '691206048'),
(1080, '1451107977'),
(1081, '2741217583'),
(1082, '7274794885'),
(1083, '711068630'),
(1084, '6319228290'),
(1085, '2073319092'),
(1086, '3255391066'),
(1087, '8411318936'),
(1088, '447918916'),
(1089, '9114993232'),
(1090, '9113312834'),
(1091, '7920255693'),
(1092, '8776009333'),
(1093, '7886261112'),
(1094, '6327258256'),
(1095, '3858279'),
(1096, '8764650342'),
(1097, '9870910909'),
(1098, '7062658371'),
(1099, '398353348'),
(1100, '959615687'),
(1101, '4515079302'),
(1102, '7655259435'),
(1103, '7152547792'),
(1104, '4998108223'),
(1105, '4908592970'),
(1106, '3229473587'),
(1107, '8704832967'),
(1108, '7749751647'),
(1109, '7352978795'),
(1110, '8253065272'),
(1111, '5593836820'),
(1112, '2520400011'),
(1113, '2573454951'),
(1114, '6339572200'),
(1115, '6409286028'),
(1116, '9001355174'),
(1117, '5863198200'),
(1118, '3444982079'),
(1119, '9704424557'),
(1120, '8575721242'),
(1121, '7756526373'),
(1122, '1681228088'),
(1123, '1579261720'),
(1124, '4794371876'),
(1125, '6111553256'),
(1126, '3855462774'),
(1127, '4641295728'),
(1128, '2577116778'),
(1129, '3747513311'),
(1130, '3277582683'),
(1131, '1771838423'),
(1132, '9334578621'),
(1133, '6466721509'),
(1134, '9450624629'),
(1135, '3545036494'),
(1136, '462058201'),
(1137, '4339860006'),
(1138, '9347902727'),
(1139, '1808543231'),
(1140, '3498593122'),
(1141, '9997708486'),
(1142, '7808967934'),
(1143, '8512003639'),
(1144, '8602887448'),
(1145, '7076288031'),
(1146, '2974824090'),
(1147, '2360261110'),
(1148, '8576683524'),
(1149, '1392557462'),
(1150, '1135256510'),
(1151, '296090095'),
(1152, '3232364360'),
(1153, '1065023316'),
(1154, '3845409758'),
(1155, '32906775'),
(1156, '1936755215'),
(1157, '4423704489'),
(1158, '84333914'),
(1159, '1960488605'),
(1160, '4755450776'),
(1161, '7627462224'),
(1162, '9149691758'),
(1163, '9647117928'),
(1164, '1974663675'),
(1165, '7738420264'),
(1166, '8227118685'),
(1167, '339325936'),
(1168, '7443464337'),
(1169, '4840749654'),
(1170, '5108345128'),
(1171, '3768418918'),
(1172, '7153727404'),
(1173, '7980018588'),
(1174, '674153595'),
(1175, '1442893656'),
(1176, '6729328080'),
(1177, '810558043'),
(1178, '3962552561'),
(1179, '1368617908'),
(1180, '8655866307'),
(1181, '7542965269'),
(1182, '1779177308'),
(1183, '3063926562'),
(1184, '367218611'),
(1185, '8523331923'),
(1186, '8709475426'),
(1187, '8495422558'),
(1188, '7089110135'),
(1189, '6927176165'),
(1190, '8265967410'),
(1191, '5713568880'),
(1192, '2766716395'),
(1193, '7529240549'),
(1194, '9395095079'),
(1195, '9601746125'),
(1196, '5751002986'),
(1197, '6236318510'),
(1198, '6063146720'),
(1199, '4136757743'),
(1200, '3255196297'),
(1201, '2435236107'),
(1202, '5784312378'),
(1203, '6758048651'),
(1204, '8538152217'),
(1205, '7877790566'),
(1206, '5815744324'),
(1207, '3561462682'),
(1208, '9186189495'),
(1209, '9223734292'),
(1210, '9881363970'),
(1211, '9377409094'),
(1212, '5992383422'),
(1213, '3497585780'),
(1214, '4670192029'),
(1215, '8067032280'),
(1216, '7889315370'),
(1217, '8554591177'),
(1218, '2369760070'),
(1219, '8085025835'),
(1220, '6515750185'),
(1221, '9827107517'),
(1222, '6646224276'),
(1223, '6801955395'),
(1224, '7102234785'),
(1225, '6313249067'),
(1226, '243005818'),
(1227, '2153485362'),
(1228, '2883361446'),
(1229, '5680300829'),
(1230, '2797659816'),
(1231, '6360010742'),
(1232, '9674806205'),
(1233, '4736105138'),
(1234, '5978057913'),
(1235, '2230298083'),
(1236, '7039233751'),
(1237, '7874858078'),
(1238, '8538579399'),
(1239, '2796471875'),
(1240, '2915702272'),
(1241, '3574613013'),
(1242, '4023685677'),
(1243, '1196866029'),
(1244, '5073878359'),
(1245, '5951104666'),
(1246, '4945039000'),
(1247, '536358305'),
(1248, '4091358224'),
(1249, '7914267181'),
(1250, '3497517004'),
(1251, '8214833795'),
(1252, '6357490013'),
(1253, '1704933120'),
(1254, '6987744367'),
(1255, '2353368482'),
(1256, '776719802'),
(1257, '7393328932'),
(1258, '8390579983'),
(1259, '6812651167'),
(1260, '3180695906'),
(1261, '6574510784'),
(1262, '2409473786'),
(1263, '2316292946'),
(1264, '218925499'),
(1265, '7152565032'),
(1266, '4312746385'),
(1267, '6084854486'),
(1268, '9487413969'),
(1269, '1738929024'),
(1270, '424288487'),
(1271, '1826323175'),
(1272, '9667960105'),
(1273, '1961029860'),
(1274, '3480934825'),
(1275, '1722901849'),
(1276, '6957709594'),
(1277, '93211437'),
(1278, '3121444222'),
(1279, '3659855635'),
(1280, '1450927197'),
(1281, '633131111'),
(1282, '4149229341'),
(1283, '897958252'),
(1284, '3868791974'),
(1285, '2087525870'),
(1286, '2606157488'),
(1287, '9511085226'),
(1288, '2009942433'),
(1289, '3632846453'),
(1290, '9173053726'),
(1291, '5745773529'),
(1292, '4266552645'),
(1293, '4504311253'),
(1294, '9719172852'),
(1295, '1916892836'),
(1296, '5260080651'),
(1297, '1125463022'),
(1298, '3501995670'),
(1299, '2980592129'),
(1300, '6950019950'),
(1301, '2524632907'),
(1302, '2386228841'),
(1303, '1835405241'),
(1304, '7622102827'),
(1305, '8223970103'),
(1306, '5710844946'),
(1307, '8494468097'),
(1308, '929905111'),
(1309, '5490237576'),
(1310, '2929754129'),
(1311, '808454808'),
(1312, '3904149898'),
(1313, '8498728176'),
(1314, '9037002380'),
(1315, '4756212556'),
(1316, '8679642074'),
(1317, '2296687265'),
(1318, '8239612838'),
(1319, '2621916211'),
(1320, '941647692'),
(1321, '2086224333'),
(1322, '1992842772'),
(1323, '9373088078'),
(1324, '8414460781'),
(1325, '2651033523'),
(1326, '9222345393'),
(1327, '2010671072'),
(1328, '6814009267'),
(1329, '941703110'),
(1330, '3229671059'),
(1331, '6927467506'),
(1332, '2661164285'),
(1333, '8338472659'),
(1334, '9068067702'),
(1335, '249817863'),
(1336, '9517304637'),
(1337, '1490585749'),
(1338, '5722034281'),
(1339, '5646229516'),
(1340, '5315825972'),
(1341, '6906526207'),
(1342, '2282878728'),
(1343, '7008435601'),
(1344, '8523927131'),
(1345, '142192462'),
(1346, '134992126'),
(1347, '3121191433'),
(1348, '3506307958'),
(1349, '7334339186'),
(1350, '3473610386'),
(1351, '5180667491'),
(1352, '9739287253'),
(1353, '7568548848'),
(1354, '7449156725'),
(1355, '4762396763'),
(1356, '6399638079'),
(1357, '4798479799'),
(1358, '59528975'),
(1359, '9182306272'),
(1360, '5250552355'),
(1361, '9214310045'),
(1362, '7950213348'),
(1363, '6784007402'),
(1364, '2396996388'),
(1365, '9660128275'),
(1366, '949346637'),
(1367, '9615581504'),
(1368, '9461909352'),
(1369, '5599363158'),
(1370, '8872133059'),
(1371, '4165827253'),
(1372, '4416738170'),
(1373, '8814179495'),
(1374, '4141072297'),
(1375, '1850765910'),
(1376, '1582147669'),
(1377, '7719660738'),
(1378, '4665383656'),
(1379, '1416741096'),
(1380, '3819481057'),
(1381, '6903283786'),
(1382, '7903073237'),
(1383, '8769141725'),
(1384, '5778873527'),
(1385, '7071506618'),
(1386, '4581612465'),
(1387, '4802437793'),
(1388, '3557485360'),
(1389, '199699591'),
(1390, '1298190345'),
(1391, '3858014143'),
(1392, '3646331413'),
(1393, '599784609'),
(1394, '3083467632'),
(1395, '4429751923'),
(1396, '7128072007'),
(1397, '4474394785'),
(1398, '706913220'),
(1399, '6442613046'),
(1400, '848719301'),
(1401, '1127760581'),
(1402, '2939952499'),
(1403, '1008461189'),
(1404, '1564487975'),
(1405, '607376623'),
(1406, '1154481656'),
(1407, '3825800483'),
(1408, '6228314788'),
(1409, '2327974765'),
(1410, '9634625894'),
(1411, '1393953562'),
(1412, '4630945667'),
(1413, '7833320068'),
(1414, '7522221926'),
(1415, '8695120203'),
(1416, '9825216423'),
(1417, '2802328208'),
(1418, '1010434951'),
(1419, '4133406856'),
(1420, '5801287430'),
(1421, '3716199052'),
(1422, '9943808936'),
(1423, '9394537480'),
(1424, '4900030420'),
(1425, '3104001046'),
(1426, '4308589006'),
(1427, '8204764781'),
(1428, '5948617998'),
(1429, '148972364'),
(1430, '5178965322'),
(1431, '5045626489'),
(1432, '8719332997'),
(1433, '6264290844'),
(1434, '5864806558'),
(1435, '1856095544'),
(1436, '7657900572'),
(1437, '8518785186'),
(1438, '7124455459'),
(1439, '7219412523'),
(1440, '6742884252'),
(1441, '6447146269'),
(1442, '7092851030'),
(1443, '6728192392'),
(1444, '231471034'),
(1445, '63537388'),
(1446, '2835513746'),
(1447, '4784741892'),
(1448, '4287061828'),
(1449, '5030619625'),
(1450, '1124040609'),
(1451, '2023322607'),
(1452, '849937195'),
(1453, '2522194697'),
(1454, '2246688611'),
(1455, '3850196379'),
(1456, '3846513580'),
(1457, '6917058966'),
(1458, '7633778479'),
(1459, '1582933108'),
(1460, '5502991097'),
(1461, '5033416171'),
(1462, '1861548547'),
(1463, '2378113248'),
(1464, '7194824009'),
(1465, '5837856943'),
(1466, '489250633'),
(1467, '4587893527'),
(1468, '9168100860'),
(1469, '4531177983'),
(1470, '3866960555'),
(1471, '916664885'),
(1472, '3120668474'),
(1473, '1003874521'),
(1474, '7258465599'),
(1475, '9881687219'),
(1476, '2038620549'),
(1477, '5687617387'),
(1478, '6904523853'),
(1479, '1383021992'),
(1480, '9564021810'),
(1481, '138037512'),
(1482, '1266091377'),
(1483, '6256979411'),
(1484, '331298530'),
(1485, '122061261'),
(1486, '6693581743'),
(1487, '4395853868'),
(1488, '822506676'),
(1489, '2777365819'),
(1490, '5976275957'),
(1491, '2641682966'),
(1492, '6130048554'),
(1493, '220821569'),
(1494, '9206744064'),
(1495, '2312869820'),
(1496, '2602104071'),
(1497, '2103452751'),
(1498, '6875577668'),
(1499, '4470647105'),
(1500, '3554979274'),
(1501, '6935196701'),
(1502, '1252978231'),
(1503, '206720172'),
(1504, '5989315199'),
(1505, '5850102472'),
(1506, '3290917442'),
(1507, '8036358223'),
(1508, '1781503904'),
(1509, '5890687398'),
(1510, '3659820648'),
(1511, '2213891873'),
(1512, '7502115776'),
(1513, '8008798571'),
(1514, '1079916171'),
(1515, '2792573753'),
(1516, '3579738041'),
(1517, '3415885118'),
(1518, '2929435900'),
(1519, '811539717'),
(1520, '7158165688'),
(1521, '9881142485'),
(1522, '1781649115'),
(1523, '1860181246'),
(1524, '1779727881'),
(1525, '7103582156'),
(1526, '7486847813'),
(1527, '3882274655'),
(1528, '7235608616'),
(1529, '7692031008'),
(1530, '3267032780'),
(1531, '6177362265'),
(1532, '671712048'),
(1533, '2351213843'),
(1534, '6639669089'),
(1535, '4884806091'),
(1536, '9890326548'),
(1537, '8904372031'),
(1538, '2403481992'),
(1539, '2078432448'),
(1540, '2545229099'),
(1541, '6376242890'),
(1542, '3233113033'),
(1543, '1177520007'),
(1544, '2664654690'),
(1545, '182204302'),
(1546, '5263543953'),
(1547, '8910383976'),
(1548, '8217277335'),
(1549, '1078423207'),
(1550, '1057108879'),
(1551, '1546343370'),
(1552, '7039538342'),
(1553, '5488072602'),
(1554, '9458977515'),
(1555, '56588640'),
(1556, '761125077'),
(1557, '4897028621'),
(1558, '2476571440'),
(1559, '2392725458'),
(1560, '359524505'),
(1561, '6383519931'),
(1562, '9133129787'),
(1563, '5830390602'),
(1564, '8449644394'),
(1565, '5742204596'),
(1566, '5450297560'),
(1567, '3188371077'),
(1568, '6298799192'),
(1569, '2157641894'),
(1570, '5498393371'),
(1571, '2551432249'),
(1572, '438266517'),
(1573, '8096895199'),
(1574, '6796449967'),
(1575, '6375133859'),
(1576, '5036243375'),
(1577, '9007162340'),
(1578, '2189593718'),
(1579, '9294557192'),
(1580, '1189023978'),
(1581, '8208821747'),
(1582, '2560575772'),
(1583, '8466926220'),
(1584, '9271594489'),
(1585, '702153626'),
(1586, '6714009670'),
(1587, '2753421593'),
(1588, '8723742990'),
(1589, '3463769499'),
(1590, '2432488381'),
(1591, '442322066'),
(1592, '7651262498'),
(1593, '8895853558'),
(1594, '6459322193'),
(1595, '221003974'),
(1596, '5268877486'),
(1597, '193006958'),
(1598, '9201614962'),
(1599, '5160901254'),
(1600, '7006089719'),
(1601, '5336619619'),
(1602, '9645735241'),
(1603, '1162233107'),
(1604, '545384062'),
(1605, '4577287188'),
(1606, '7950542854'),
(1607, '7161752589'),
(1608, '3086579680'),
(1609, '1186438251'),
(1610, '8117576498'),
(1611, '4663906647'),
(1612, '6521460819'),
(1613, '256633508'),
(1614, '8688533468'),
(1615, '2319039832'),
(1616, '242257104'),
(1617, '5885365928'),
(1618, '1972048373'),
(1619, '7555712375'),
(1620, '9716076612'),
(1621, '2269784218'),
(1622, '3608903329'),
(1623, '6110541550'),
(1624, '1958877821'),
(1625, '4714773462'),
(1626, '8754643183'),
(1627, '3313927839'),
(1628, '9325296637'),
(1629, '5310299152'),
(1630, '218550069'),
(1631, '3631200159'),
(1632, '3565711445'),
(1633, '4284928851'),
(1634, '1165671903'),
(1635, '4635157504'),
(1636, '5793801655'),
(1637, '4540194489'),
(1638, '8594828629'),
(1639, '5185898371'),
(1640, '9514765972'),
(1641, '2235303061'),
(1642, '9119890179'),
(1643, '3067624116'),
(1644, '2688410339'),
(1645, '3023087309'),
(1646, '4473292783'),
(1647, '3916921561'),
(1648, '232618511'),
(1649, '5139795762'),
(1650, '6972082889'),
(1651, '3747255157'),
(1652, '1961287363'),
(1653, '281650380'),
(1654, '9382192205'),
(1655, '1822440277'),
(1656, '4953076747'),
(1657, '4015534633'),
(1658, '5193392139'),
(1659, '2148887149'),
(1660, '4487940470'),
(1661, '5614646751'),
(1662, '1669853005'),
(1663, '1518747237'),
(1664, '864604909'),
(1665, '5554000617'),
(1666, '203169107'),
(1667, '7450889617'),
(1668, '5830567008'),
(1669, '2081812273'),
(1670, '3994201085'),
(1671, '4024250843'),
(1672, '8022987135'),
(1673, '1096427771'),
(1674, '7413728122'),
(1675, '4559420636'),
(1676, '7952360849'),
(1677, '3335519555'),
(1678, '5476787333'),
(1679, '6409951255'),
(1680, '7880830289'),
(1681, '4844085369'),
(1682, '8423324152'),
(1683, '4572006433'),
(1684, '5804430357'),
(1685, '1441492517'),
(1686, '7712519018'),
(1687, '7089094614'),
(1688, '4536928046'),
(1689, '4488176938'),
(1690, '4706291036'),
(1691, '8231499150'),
(1692, '1561193603'),
(1693, '9614467850'),
(1694, '4152938746'),
(1695, '2471644637'),
(1696, '5467786073'),
(1697, '4342464135'),
(1698, '7101818951'),
(1699, '5697701976'),
(1700, '6731439622'),
(1701, '9061877435'),
(1702, '7152552491'),
(1703, '4806514790'),
(1704, '9668982433'),
(1705, '7802363010'),
(1706, '1704035782'),
(1707, '9065140195'),
(1708, '8819751681'),
(1709, '1272532147'),
(1710, '8310896515'),
(1711, '5908181881'),
(1712, '8467943773'),
(1713, '2955000100'),
(1714, '7974501326'),
(1715, '7349680621'),
(1716, '5278170255'),
(1717, '8846351882'),
(1718, '9864691002'),
(1719, '4072809952'),
(1720, '2038810619'),
(1721, '1767746713'),
(1722, '1916519008'),
(1723, '5163572766'),
(1724, '4458266577'),
(1725, '4009966731'),
(1726, '5516754726'),
(1727, '8897814998'),
(1728, '754976180'),
(1729, '5711734196'),
(1730, '5224843510'),
(1731, '3850937233'),
(1732, '1057684413'),
(1733, '9310053983'),
(1734, '2487937725'),
(1735, '4056261837'),
(1736, '9659631190'),
(1737, '4048372129'),
(1738, '5879525109'),
(1739, '5303975333'),
(1740, '6561376078'),
(1741, '3841610879'),
(1742, '5962627555'),
(1743, '6926249258'),
(1744, '1896651140'),
(1745, '6307835106'),
(1746, '3226403260'),
(1747, '1526985404'),
(1748, '1163615342'),
(1749, '4287510689'),
(1750, '2256324716'),
(1751, '3673978739'),
(1752, '1944693035'),
(1753, '4193397056'),
(1754, '4559643651'),
(1755, '4690379898'),
(1756, '1221604989'),
(1757, '1502257360'),
(1758, '3393364174'),
(1759, '73272013'),
(1760, '6579070047'),
(1761, '6678439205'),
(1762, '988113542'),
(1763, '2760444483'),
(1764, '8130545409'),
(1765, '1993446008'),
(1766, '8316046464'),
(1767, '8785887528'),
(1768, '8969390096'),
(1769, '5589054093'),
(1770, '6760780788'),
(1771, '2496820388'),
(1772, '7697807587'),
(1773, '4175601852'),
(1774, '9623370894'),
(1775, '4913375613'),
(1776, '929408750'),
(1777, '2020168016'),
(1778, '4691918732'),
(1779, '9627394748'),
(1780, '4144520646'),
(1781, '8712645806'),
(1782, '2521460797'),
(1783, '7108502125'),
(1784, '2337402442'),
(1785, '9024596611'),
(1786, '3721423669'),
(1787, '9549111059'),
(1788, '473083662'),
(1789, '6961324241'),
(1790, '1851728973'),
(1791, '3128201934'),
(1792, '5453312350'),
(1793, '5279986550'),
(1794, '3982313856'),
(1795, '5414038967'),
(1796, '7627774603'),
(1797, '1837194444'),
(1798, '9543852672'),
(1799, '7432501'),
(1800, '6048183832'),
(1801, '8996834073'),
(1802, '7342258772'),
(1803, '9295834402'),
(1804, '6130553297'),
(1805, '845445693'),
(1806, '6106591417'),
(1807, '6842163908'),
(1808, '3684960666'),
(1809, '6175911359'),
(1810, '3119575481'),
(1811, '2441247377'),
(1812, '5537088715'),
(1813, '1063606505'),
(1814, '6545458420'),
(1815, '1364655837'),
(1816, '7137500832'),
(1817, '8626766521'),
(1818, '3410087108'),
(1819, '5122352117'),
(1820, '3908121443'),
(1821, '6561744485'),
(1822, '6403991221'),
(1823, '7161817607'),
(1824, '4800200'),
(1825, '6339236849'),
(1826, '370984887'),
(1827, '431287886'),
(1828, '8313693002'),
(1829, '3990862090'),
(1830, '8280790884'),
(1831, '7075271235'),
(1832, '1260949676'),
(1833, '6888367065'),
(1834, '2429136765'),
(1835, '881614969'),
(1836, '7985094711'),
(1837, '1051293492'),
(1838, '998920476'),
(1839, '9819154120'),
(1840, '9890185431'),
(1841, '4618211808'),
(1842, '5276300835'),
(1843, '1488544627'),
(1844, '9194681192'),
(1845, '6206531866'),
(1846, '8729638429'),
(1847, '5723892896'),
(1848, '3717328996'),
(1849, '8852882065'),
(1850, '3286745712'),
(1851, '9148316274'),
(1852, '869364283'),
(1853, '3110018951'),
(1854, '7999477418'),
(1855, '5174012207'),
(1856, '2314815041'),
(1857, '2780570931'),
(1858, '3124752334'),
(1859, '5884029959'),
(1860, '1728077517'),
(1861, '4026710750'),
(1862, '6567276171'),
(1863, '5073346895'),
(1864, '7625795172'),
(1865, '6439168264'),
(1866, '6019600896'),
(1867, '9503414034'),
(1868, '2579946486'),
(1869, '3920856686'),
(1870, '974568071'),
(1871, '678836718'),
(1872, '5870712705'),
(1873, '5275053491'),
(1874, '3070423174'),
(1875, '1204905958'),
(1876, '4420694424'),
(1877, '8649979137'),
(1878, '8425071249'),
(1879, '8361577228'),
(1880, '7274113294'),
(1881, '4187741390'),
(1882, '9368621411'),
(1883, '2460739807'),
(1884, '263194889'),
(1885, '7365059001'),
(1886, '6371498018'),
(1887, '7703298219'),
(1888, '826260356'),
(1889, '7048786195'),
(1890, '1811914714'),
(1891, '1609676854'),
(1892, '5059901730'),
(1893, '1727366566'),
(1894, '9904762329'),
(1895, '5808401895'),
(1896, '5965500530'),
(1897, '1004749776'),
(1898, '6236995046'),
(1899, '9193365908'),
(1900, '3041332336'),
(1901, '8196110844'),
(1902, '4539207788'),
(1903, '6572145987'),
(1904, '8388710702'),
(1905, '4988842021'),
(1906, '7033494873'),
(1907, '7858364216'),
(1908, '6864087172'),
(1909, '7347622401'),
(1910, '3027609380'),
(1911, '5317585443'),
(1912, '3117967086'),
(1913, '3493458648'),
(1914, '3278871273'),
(1915, '3683377695'),
(1916, '2637835169'),
(1917, '643671341'),
(1918, '8151729675'),
(1919, '6771618275'),
(1920, '7287014020'),
(1921, '3647564607'),
(1922, '9975207065'),
(1923, '1732547005'),
(1924, '5310873455'),
(1925, '718282714'),
(1926, '5412492433'),
(1927, '554624173'),
(1928, '1638949279'),
(1929, '2057602220'),
(1930, '5199907747'),
(1931, '8369299930'),
(1932, '8251717720'),
(1933, '8264847421'),
(1934, '3327984912'),
(1935, '8621556808'),
(1936, '3507522964'),
(1937, '9945249177'),
(1938, '5963900081'),
(1939, '3846275267'),
(1940, '7133852577'),
(1941, '7135255664'),
(1942, '524446411'),
(1943, '3324058243'),
(1944, '757399485'),
(1945, '555335058'),
(1946, '7745610923'),
(1947, '5727014080'),
(1948, '5936330067'),
(1949, '6806832074'),
(1950, '9444867720'),
(1951, '8761282242'),
(1952, '885456789'),
(1953, '7198734540'),
(1954, '4050872907'),
(1955, '9104508978'),
(1956, '2049815539'),
(1957, '7302287735'),
(1958, '8467315523'),
(1959, '4929868335'),
(1960, '2409880587'),
(1961, '7890545882'),
(1962, '2444870559'),
(1963, '1836459902'),
(1964, '1029498862'),
(1965, '1168082759'),
(1966, '8006999003'),
(1967, '6705758950'),
(1968, '7411070242'),
(1969, '5100527923'),
(1970, '2811578580'),
(1971, '6058715370'),
(1972, '4009338291'),
(1973, '5888605906'),
(1974, '5546843006'),
(1975, '3236143392'),
(1976, '8207054761'),
(1977, '9670224967'),
(1978, '9902450298'),
(1979, '9453074858'),
(1980, '9349694359'),
(1981, '6675474332'),
(1982, '8662394335'),
(1983, '1892613719'),
(1984, '379800502'),
(1985, '2017683596'),
(1986, '807324858'),
(1987, '6245622032'),
(1988, '5003159133'),
(1989, '5163073655'),
(1990, '280115067'),
(1991, '2430572899'),
(1992, '6794257720'),
(1993, '4338869771'),
(1994, '1683490474'),
(1995, '298961156'),
(1996, '1699711539'),
(1997, '6140790921'),
(1998, '5691332224'),
(1999, '164851782'),
(2000, '1820979054'),
(2001, '538995794'),
(2002, '1551280945'),
(2003, '7086163154'),
(2004, '2656142854'),
(2005, '9265867444'),
(2006, '8970192611'),
(2007, '9255731886'),
(2008, '2272652330'),
(2009, '2270572983'),
(2010, '7297826954'),
(2011, '1282739568'),
(2012, '4484559024'),
(2013, '6244831897'),
(2014, '2270217836'),
(2015, '4464156803'),
(2016, '6637013138'),
(2017, '7068949591'),
(2018, '9888846184'),
(2019, '7969861083'),
(2020, '5370333407'),
(2021, '7944202086'),
(2022, '3646017617'),
(2023, '7603519367'),
(2024, '5587990501'),
(2025, '8967968025'),
(2026, '184229377'),
(2027, '3304328290'),
(2028, '5736060107'),
(2029, '7963669989'),
(2030, '3875402438'),
(2031, '9591132731'),
(2032, '1852151049'),
(2033, '5498154592'),
(2034, '4872051671'),
(2035, '9299578029'),
(2036, '179852283'),
(2037, '1915423882'),
(2038, '6999240011'),
(2039, '2400981889'),
(2040, '7935444828'),
(2041, '3815807579'),
(2042, '6417035928'),
(2043, '5723371676'),
(2044, '9779794804'),
(2045, '4458284531'),
(2046, '3735404776'),
(2047, '3473149089'),
(2048, '8938315954'),
(2049, '6255806664'),
(2050, '609706075'),
(2051, '3355345764'),
(2052, '7113285393'),
(2053, '1873956049'),
(2054, '6019256695'),
(2055, '8476190449'),
(2056, '70520120'),
(2057, '1712517573'),
(2058, '678014297'),
(2059, '3999692994'),
(2060, '5929189322'),
(2061, '1793797570'),
(2062, '9628680929'),
(2063, '851079183'),
(2064, '2467418047'),
(2065, '7400594890'),
(2066, '1134686642'),
(2067, '9311429298'),
(2068, '2198773665'),
(2069, '5493975430'),
(2070, '893258743'),
(2071, '9371785641'),
(2072, '2537354484'),
(2073, '2945988979'),
(2074, '9365018557'),
(2075, '2042533483'),
(2076, '3008715503'),
(2077, '9785627726'),
(2078, '2326136887'),
(2079, '7619846561'),
(2080, '573530924'),
(2081, '6608546912'),
(2082, '1085572380'),
(2083, '3558917037'),
(2084, '232404840'),
(2085, '8534902498'),
(2086, '6237391437'),
(2087, '4103127605'),
(2088, '6298112007'),
(2089, '4120753822'),
(2090, '7152714270'),
(2091, '6375382673'),
(2092, '7436990187'),
(2093, '1611711395'),
(2094, '5689947451'),
(2095, '6889989361'),
(2096, '295741602'),
(2097, '73308740'),
(2098, '1466981224'),
(2099, '8045224682'),
(2100, '8500880339'),
(2101, '871642851'),
(2102, '9684956529'),
(2103, '9385933543'),
(2104, '4487655023'),
(2105, '9704002231'),
(2106, '7341117303'),
(2107, '1297013916'),
(2108, '5519105796'),
(2109, '7217026452'),
(2110, '827527982'),
(2111, '1188068695'),
(2112, '4043643111'),
(2113, '3984581465'),
(2114, '1612518217'),
(2115, '1742401052'),
(2116, '2431013404'),
(2117, '3391881523'),
(2118, '9101703511'),
(2119, '656601878'),
(2120, '6458049264'),
(2121, '735111271'),
(2122, '2930990276'),
(2123, '2786571039'),
(2124, '6706674318'),
(2125, '9340934152'),
(2126, '7888974135'),
(2127, '3068318588'),
(2128, '3736212534'),
(2129, '8621742869'),
(2130, '3944066329'),
(2131, '9482293284'),
(2132, '7874575331'),
(2133, '323615432'),
(2134, '4771282637'),
(2135, '5284138489'),
(2136, '9290429768'),
(2137, '2102243807'),
(2138, '3472880011'),
(2139, '1785793570'),
(2140, '9138631714'),
(2141, '5073341063'),
(2142, '468319408'),
(2143, '9292050543'),
(2144, '3110337853'),
(2145, '8515083239'),
(2146, '6118272181'),
(2147, '4080605034'),
(2148, '7041607239'),
(2149, '7964165919'),
(2150, '9721053809'),
(2151, '6221422219'),
(2152, '1125470251'),
(2153, '1177755826'),
(2154, '6944859262'),
(2155, '5466628423'),
(2156, '3593489081'),
(2157, '5959932437'),
(2158, '5449527952'),
(2159, '7656751132'),
(2160, '8984286753'),
(2161, '6763957637'),
(2162, '5986667881'),
(2163, '6921157005'),
(2164, '4278999644'),
(2165, '3144340147'),
(2166, '2961524401'),
(2167, '1824968528'),
(2168, '3875756676'),
(2169, '1620650607'),
(2170, '4683911062'),
(2171, '5615555623'),
(2172, '3330896024'),
(2173, '4787582872'),
(2174, '9644629582'),
(2175, '2398877827'),
(2176, '1741983063'),
(2177, '1740598278'),
(2178, '8872317946'),
(2179, '1190830777'),
(2180, '9351052493'),
(2181, '3920861864'),
(2182, '2117934873'),
(2183, '2349250157'),
(2184, '9887601119'),
(2185, '4704593827'),
(2186, '7500460885'),
(2187, '2959020293'),
(2188, '8131370510'),
(2189, '5507997324'),
(2190, '6203869365'),
(2191, '1251663204'),
(2192, '5419864052'),
(2193, '1748750746'),
(2194, '3090365636'),
(2195, '3507179883'),
(2196, '2699437196'),
(2197, '710082807'),
(2198, '726383857'),
(2199, '364385594'),
(2200, '6113775746'),
(2201, '6482609551'),
(2202, '6285454114'),
(2203, '483387356'),
(2204, '4241407318'),
(2205, '4988829850'),
(2206, '4880591917'),
(2207, '8642394949'),
(2208, '7473040914'),
(2209, '6737187932'),
(2210, '6017721623'),
(2211, '4195618238'),
(2212, '8401841392'),
(2213, '1861023276'),
(2214, '1079372030'),
(2215, '7247561492'),
(2216, '8839157910'),
(2217, '126416606'),
(2218, '8782929644'),
(2219, '8107593834'),
(2220, '7501465040'),
(2221, '957408480'),
(2222, '537729727'),
(2223, '679523212'),
(2224, '1867567818'),
(2225, '7163740407'),
(2226, '4589756047'),
(2227, '488055660'),
(2228, '5104768781'),
(2229, '4635597235'),
(2230, '8417573720'),
(2231, '6737792941'),
(2232, '3503942071'),
(2233, '1549362063'),
(2234, '3664733319'),
(2235, '4118469100'),
(2236, '2922326822'),
(2237, '9806190243'),
(2238, '8793819981'),
(2239, '5688117826'),
(2240, '7068187293'),
(2241, '8073699670'),
(2242, '9904189657'),
(2243, '1798104055'),
(2244, '8027192943'),
(2245, '6409583691'),
(2246, '5362030531'),
(2247, '3196901845'),
(2248, '4214031086'),
(2249, '2813920834'),
(2250, '8448944868'),
(2251, '2892579550'),
(2252, '5253031782'),
(2253, '5409752950'),
(2254, '3635777999'),
(2255, '5479345776'),
(2256, '2443193724'),
(2257, '7114211713'),
(2258, '6701616950'),
(2259, '855455146'),
(2260, '5523148533'),
(2261, '8175839706'),
(2262, '6879492127'),
(2263, '9354537172'),
(2264, '7625291497'),
(2265, '4120292834'),
(2266, '9833878184'),
(2267, '6729479110'),
(2268, '9605799558'),
(2269, '4876258223'),
(2270, '4119937247'),
(2271, '9053623898'),
(2272, '7569555726'),
(2273, '6926603956'),
(2274, '774895843'),
(2275, '8066335200'),
(2276, '528918469'),
(2277, '5788260730'),
(2278, '8240252494'),
(2279, '8210950966'),
(2280, '3591047313'),
(2281, '4628632950'),
(2282, '1366680942'),
(2283, '3372202839'),
(2284, '9260805566'),
(2285, '6708962082'),
(2286, '7794678487'),
(2287, '2186387878'),
(2288, '3611418459'),
(2289, '5262335601'),
(2290, '4911831804'),
(2291, '5148859079'),
(2292, '7226861514'),
(2293, '7454545178'),
(2294, '2518692650'),
(2295, '3377658127'),
(2296, '2096986895'),
(2297, '8533087025'),
(2298, '1325437846'),
(2299, '1421921231'),
(2300, '8277832246'),
(2301, '6240229084'),
(2302, '7911850296'),
(2303, '7874234714'),
(2304, '4676350650'),
(2305, '967512208'),
(2306, '4918815698'),
(2307, '4265716790'),
(2308, '5763492732'),
(2309, '9046324968'),
(2310, '234335868'),
(2311, '3650773576'),
(2312, '3795043040'),
(2313, '9851816578'),
(2314, '7399939838'),
(2315, '6924114045'),
(2316, '8595953003'),
(2317, '1902378171'),
(2318, '4045264530'),
(2319, '5364084644'),
(2320, '8168761049'),
(2321, '9937510221'),
(2322, '258153532'),
(2323, '2012649225'),
(2324, '8653133602'),
(2325, '4030601002'),
(2326, '6809478754'),
(2327, '7619246649'),
(2328, '9611645335'),
(2329, '4989181887'),
(2330, '5797562725'),
(2331, '1527979665'),
(2332, '8608244823'),
(2333, '472315022'),
(2334, '2973312927'),
(2335, '25735629'),
(2336, '1299252098'),
(2337, '3279891170'),
(2338, '1866589223'),
(2339, '8227437634'),
(2340, '9720916948'),
(2341, '1850901120'),
(2342, '2611138588'),
(2343, '8642303803'),
(2344, '9619956080'),
(2345, '5010197601'),
(2346, '2904382036'),
(2347, '1156485017'),
(2348, '568829939'),
(2349, '8145600728'),
(2350, '2819543707'),
(2351, '8777591180'),
(2352, '3402663725'),
(2353, '8827661643'),
(2354, '484345436'),
(2355, '2778927337'),
(2356, '8390742138'),
(2357, '1542384795'),
(2358, '2236527116'),
(2359, '2474668292'),
(2360, '1746111532'),
(2361, '8753286823'),
(2362, '3344716289'),
(2363, '396428225'),
(2364, '1708807068'),
(2365, '7792390966'),
(2366, '5520607543'),
(2367, '8745605622'),
(2368, '3952408600'),
(2369, '4481900107'),
(2370, '1669234580'),
(2371, '1071635037'),
(2372, '2112977995'),
(2373, '4779255599'),
(2374, '6578227198'),
(2375, '5580828973'),
(2376, '4682735320'),
(2377, '7638661616'),
(2378, '5504415713'),
(2379, '6720092286'),
(2380, '708906359'),
(2381, '3790598916'),
(2382, '5851082411'),
(2383, '1857189186'),
(2384, '5874962091'),
(2385, '6838671588'),
(2386, '5987646986'),
(2387, '4659928814'),
(2388, '5472806536'),
(2389, '7904794673'),
(2390, '9561349628'),
(2391, '6334292314'),
(2392, '8130407780'),
(2393, '4617461542'),
(2394, '5422415101'),
(2395, '4176731498'),
(2396, '8406796478'),
(2397, '4596507453'),
(2398, '2289668526'),
(2399, '9337921794'),
(2400, '2674880994'),
(2401, '7689306111'),
(2402, '8002864866'),
(2403, '1393997981'),
(2404, '568263050'),
(2405, '4804196415'),
(2406, '8120160661'),
(2407, '968516492'),
(2408, '6854828342'),
(2409, '2092569954'),
(2410, '2236919494'),
(2411, '7616022547'),
(2412, '2913282237'),
(2413, '994484962'),
(2414, '9083189060'),
(2415, '5209021424'),
(2416, '5426462307'),
(2417, '9266134694'),
(2418, '3252579636'),
(2419, '4070364339'),
(2420, '3417319157'),
(2421, '9226143686'),
(2422, '8973730227'),
(2423, '8277710705'),
(2424, '3440367691'),
(2425, '2933017085'),
(2426, '2061106338'),
(2427, '8538759493'),
(2428, '9574040158'),
(2429, '6290593024'),
(2430, '1605827926'),
(2431, '892246029'),
(2432, '2914183356'),
(2433, '9691504407'),
(2434, '9928692844'),
(2435, '5804116039'),
(2436, '8762252819'),
(2437, '4802438613'),
(2438, '8005359385'),
(2439, '2906111136'),
(2440, '3172811657'),
(2441, '1623952202'),
(2442, '9662741318'),
(2443, '9013111460'),
(2444, '264540165'),
(2445, '6345954122'),
(2446, '2864971921'),
(2447, '6266551123'),
(2448, '2124540066'),
(2449, '971877135'),
(2450, '8528172026'),
(2451, '2912093445'),
(2452, '5813710404'),
(2453, '7028940001'),
(2454, '7378975256'),
(2455, '1284389399'),
(2456, '1275801359'),
(2457, '1080924060'),
(2458, '3053110932'),
(2459, '1318514806'),
(2460, '7317590925'),
(2461, '5974086219'),
(2462, '2363924342'),
(2463, '9038358533'),
(2464, '8962038928'),
(2465, '2088732249'),
(2466, '1461263797'),
(2467, '9574681440'),
(2468, '6570445774'),
(2469, '6441475847'),
(2470, '4274972055'),
(2471, '746879922'),
(2472, '550930924'),
(2473, '418115336'),
(2474, '857309333'),
(2475, '1036393174'),
(2476, '3384793444'),
(2477, '4434353928'),
(2478, '5541036042'),
(2479, '7508560545'),
(2480, '1399865947'),
(2481, '6163446273'),
(2482, '2595380202'),
(2483, '5857892540'),
(2484, '9770011162'),
(2485, '5941224808'),
(2486, '8073100553'),
(2487, '3357933036'),
(2488, '5068926643'),
(2489, '1147452754'),
(2490, '1536321274'),
(2491, '953642506'),
(2492, '1047754667'),
(2493, '861567716'),
(2494, '6552659301'),
(2495, '4821099546'),
(2496, '2991316059'),
(2497, '3496549662'),
(2498, '5387364134'),
(2499, '6598537101'),
(2500, '8532681666'),
(2501, '8924076259'),
(2502, '9055167516'),
(2503, '7809547759'),
(2504, '7225195334'),
(2505, '779565175'),
(2506, '3885554050'),
(2507, '5510663674'),
(2508, '9247013866'),
(2509, '1688084168'),
(2510, '2326700052'),
(2511, '5584648912'),
(2512, '8943722320'),
(2513, '1679530486'),
(2514, '3431572335'),
(2515, '717901254'),
(2516, '5689516330'),
(2517, '2885223594'),
(2518, '9758619866'),
(2519, '1584774168'),
(2520, '422092188'),
(2521, '6667299601'),
(2522, '8860544091'),
(2523, '3320566435'),
(2524, '6469988515'),
(2525, '8019722033'),
(2526, '398131050'),
(2527, '9786812434'),
(2528, '2736992022'),
(2529, '6544399274'),
(2530, '7215894895'),
(2531, '9406358105'),
(2532, '8933794061'),
(2533, '688503225'),
(2534, '1236908630'),
(2535, '4749708109'),
(2536, '4983214758'),
(2537, '3554830301'),
(2538, '385537998'),
(2539, '1356080336'),
(2540, '6021632110'),
(2541, '3727240417'),
(2542, '9283597895'),
(2543, '3487901881'),
(2544, '9743913223'),
(2545, '6606546583'),
(2546, '6810995645'),
(2547, '9543478866'),
(2548, '4702960560'),
(2549, '9032173100'),
(2550, '3657627373'),
(2551, '6835606590'),
(2552, '5781015004'),
(2553, '6519729023'),
(2554, '9065088597'),
(2555, '1925676591'),
(2556, '9576691915'),
(2557, '2015209713'),
(2558, '5562042459'),
(2559, '2923822277'),
(2560, '3412790221'),
(2561, '4575370568'),
(2562, '9098440532'),
(2563, '3975262350'),
(2564, '5428590807'),
(2565, '5750660968'),
(2566, '6070634088'),
(2567, '1398562110'),
(2568, '721641653'),
(2569, '1749648423'),
(2570, '3889152393'),
(2571, '4038605399'),
(2572, '8485345120'),
(2573, '8594669393'),
(2574, '1453889371'),
(2575, '8022527622'),
(2576, '1082323792'),
(2577, '4958884982'),
(2578, '210571953'),
(2579, '5596858293'),
(2580, '9256380467'),
(2581, '2029878701');
INSERT INTO `distributed_tickets` (`id`, `numero`) VALUES
(2582, '7180921336'),
(2583, '1011959400'),
(2584, '4251221859'),
(2585, '5639975636'),
(2586, '1565537865'),
(2587, '4753013123'),
(2588, '2623752777'),
(2589, '4281268436'),
(2590, '2567023141'),
(2591, '4109722570'),
(2592, '8713150465'),
(2593, '6122591186'),
(2594, '1863716555'),
(2595, '1763722349'),
(2596, '8713451550'),
(2597, '4705432024'),
(2598, '9372940591'),
(2599, '8081224751'),
(2600, '5940367924'),
(2601, '6910112580'),
(2602, '2946277925'),
(2603, '9409145472'),
(2604, '7723351124'),
(2605, '3986384283'),
(2606, '7162284588'),
(2607, '7460963709'),
(2608, '5741778387'),
(2609, '7424121405'),
(2610, '3139129046'),
(2611, '7584599545'),
(2612, '5701121903'),
(2613, '4466557617'),
(2614, '8032188909'),
(2615, '7522344723'),
(2616, '1865715376'),
(2617, '726577395'),
(2618, '771196705'),
(2619, '8133561356'),
(2620, '8091551985'),
(2621, '9328548249'),
(2622, '2372062220'),
(2623, '9501354687'),
(2624, '3070969663'),
(2625, '6784636119'),
(2626, '2255430406'),
(2627, '1052017381'),
(2628, '7904150945'),
(2629, '4481919214'),
(2630, '9793388997'),
(2631, '7383176987'),
(2632, '6617903356'),
(2633, '5667048836'),
(2634, '2797566893'),
(2635, '4700810437'),
(2636, '2727269166'),
(2637, '5924985863'),
(2638, '8947057352'),
(2639, '9286447681'),
(2640, '1929046161'),
(2641, '2895830551'),
(2642, '2085901221'),
(2643, '415565778'),
(2644, '7933491409'),
(2645, '6904695253'),
(2646, '3801561896'),
(2647, '9347382720'),
(2648, '615943428'),
(2649, '4969371885'),
(2650, '4021923631'),
(2651, '8173613149'),
(2652, '1515104116'),
(2653, '6520666100'),
(2654, '3867538764'),
(2655, '5806696473'),
(2656, '2821267633'),
(2657, '8061004814'),
(2658, '1138406173'),
(2659, '1928931726'),
(2660, '8333452190'),
(2661, '278853296'),
(2662, '7762080407'),
(2663, '4622113306'),
(2664, '7132108002'),
(2665, '7966252053'),
(2666, '9017721247'),
(2667, '9972047885'),
(2668, '1821773488'),
(2669, '9945586518'),
(2670, '4929480666'),
(2671, '6170209738'),
(2672, '2884781380'),
(2673, '8463253255'),
(2674, '3055430446'),
(2675, '9768937021'),
(2676, '9382950645'),
(2677, '785200225'),
(2678, '5512834033'),
(2679, '7890410560'),
(2680, '2942177875'),
(2681, '7643563014'),
(2682, '1639950091'),
(2683, '3409298782'),
(2684, '22142361'),
(2685, '3532923316'),
(2686, '1777837272'),
(2687, '9217016208'),
(2688, '5644255227'),
(2689, '3516508210'),
(2690, '7358932082'),
(2691, '6967630677'),
(2692, '3821858038'),
(2693, '9631154236'),
(2694, '2508783015'),
(2695, '9043878049'),
(2696, '2463499697'),
(2697, '4364212047'),
(2698, '324514481'),
(2699, '5519906778'),
(2700, '3952968842'),
(2701, '9169219620'),
(2702, '987138356'),
(2703, '6207605242'),
(2704, '251254102'),
(2705, '927064264'),
(2706, '8394724931'),
(2707, '9890699580'),
(2708, '5661940475'),
(2709, '5871525797'),
(2710, '2448414654'),
(2711, '3291362481'),
(2712, '4256397241'),
(2713, '1338515536'),
(2714, '7479478291'),
(2715, '6665507033'),
(2716, '5982522149'),
(2717, '2363834938'),
(2718, '9991811280'),
(2719, '2436588678'),
(2720, '6533244250'),
(2721, '958693668'),
(2722, '4321782042'),
(2723, '1575033905'),
(2724, '7330937026'),
(2725, '6502295841'),
(2726, '9090436848'),
(2727, '3515222706'),
(2728, '4831983401'),
(2729, '9335944516'),
(2730, '6236584647'),
(2731, '5599639404'),
(2732, '56985065'),
(2733, '4793364192'),
(2734, '2711417949'),
(2735, '343470975'),
(2736, '2529099553'),
(2737, '8275015262'),
(2738, '7063958151'),
(2739, '1078554159'),
(2740, '1323537885'),
(2741, '9592713130'),
(2742, '2644723022'),
(2743, '6264647165'),
(2744, '3735396087'),
(2745, '725423148'),
(2746, '2399764005'),
(2747, '8727164396'),
(2748, '158094812'),
(2749, '6448050206'),
(2750, '1095925501'),
(2751, '8346883250'),
(2752, '5212707181'),
(2753, '1686528849'),
(2754, '6314221819'),
(2755, '1956538068'),
(2756, '774377860'),
(2757, '1067000800'),
(2758, '4330240106'),
(2759, '7278810432'),
(2760, '1651525743'),
(2761, '2925121689'),
(2762, '9028335182'),
(2763, '5290780284'),
(2764, '9438171356'),
(2765, '3745261239'),
(2766, '6560220563'),
(2767, '3551403347'),
(2768, '4603961903'),
(2769, '4897369230'),
(2770, '9632683978'),
(2771, '6931257196'),
(2772, '8865784040'),
(2773, '5307826860'),
(2774, '7070705597'),
(2775, '8499658205'),
(2776, '6221301680'),
(2777, '9240408519'),
(2778, '4971095366'),
(2779, '7744552382'),
(2780, '5409801589'),
(2781, '5322720660'),
(2782, '1594176693'),
(2783, '5289874033'),
(2784, '7346763836'),
(2785, '6843830027'),
(2786, '6557607472'),
(2787, '1210448078'),
(2788, '251076326'),
(2789, '3050489283'),
(2790, '2070445255'),
(2791, '7760471737'),
(2792, '4974057786'),
(2793, '9625929834'),
(2794, '3296026354'),
(2795, '584377204'),
(2796, '2278119453'),
(2797, '7135780265'),
(2798, '9074482780'),
(2799, '3268404445'),
(2800, '8544035955'),
(2801, '8304736804'),
(2802, '7622376987'),
(2803, '4909003591'),
(2804, '7398683531'),
(2805, '5440458011'),
(2806, '8135375923'),
(2807, '4956547510'),
(2808, '8643451287'),
(2809, '2174856480'),
(2810, '4944847541'),
(2811, '2775284535'),
(2812, '2021936051'),
(2813, '6538431337'),
(2814, '395048284'),
(2815, '8877380829'),
(2816, '5398930645'),
(2817, '4892742696'),
(2818, '1464332362'),
(2819, '6628111651'),
(2820, '6938902300'),
(2821, '9170389968'),
(2822, '1960933489'),
(2823, '5275614760'),
(2824, '8933956896'),
(2825, '7525796912'),
(2826, '9875501236'),
(2827, '2979704396'),
(2828, '1444218117'),
(2829, '6310550822'),
(2830, '1536268336'),
(2831, '1595562856'),
(2832, '5795106977'),
(2833, '1037298269'),
(2834, '7199766092'),
(2835, '9103405698'),
(2836, '8755533362'),
(2837, '9924590283'),
(2838, '8225709423'),
(2839, '4528408399'),
(2840, '1067147657'),
(2841, '4085391352'),
(2842, '1272834163'),
(2843, '343537833'),
(2844, '6585888457'),
(2845, '4875260587'),
(2846, '4242896957'),
(2847, '9103187031'),
(2848, '3231355271'),
(2849, '2769387656'),
(2850, '5653289434'),
(2851, '5907195543'),
(2852, '9870671044'),
(2853, '3956418320'),
(2854, '6037127373'),
(2855, '7782400003'),
(2856, '8245654285'),
(2857, '7455892007'),
(2858, '2972887515'),
(2859, '4089086337'),
(2860, '4750239497'),
(2861, '836981123'),
(2862, '3851268167'),
(2863, '6204588877'),
(2864, '1206096355'),
(2865, '7179577947'),
(2866, '690545414'),
(2867, '4166004140'),
(2868, '1012629150'),
(2869, '7005906048'),
(2870, '4389512061'),
(2871, '9012452462'),
(2872, '927858548'),
(2873, '3796456730'),
(2874, '1800072786'),
(2875, '1790618985'),
(2876, '7697223455'),
(2877, '313463802'),
(2878, '2028642631'),
(2879, '5297301191'),
(2880, '2915847231'),
(2881, '2395106150'),
(2882, '5568882492'),
(2883, '8097483325'),
(2884, '5149361839'),
(2885, '1832559368'),
(2886, '1694479625'),
(2887, '3492425569'),
(2888, '1044335024'),
(2889, '6698432727'),
(2890, '8101541638'),
(2891, '187135169'),
(2892, '1722521614'),
(2893, '4948154347'),
(2894, '8649159246'),
(2895, '8161153387'),
(2896, '9046941158'),
(2897, '5331806756'),
(2898, '4446670806'),
(2899, '6217487632'),
(2900, '348048433'),
(2901, '8888013163'),
(2902, '8333688331'),
(2903, '4123851874'),
(2904, '9315854028'),
(2905, '9643245106'),
(2906, '3544138119'),
(2907, '2718522962'),
(2908, '9924305351'),
(2909, '9516628384'),
(2910, '8687162108'),
(2911, '1618696442'),
(2912, '9905797052'),
(2913, '4584597748'),
(2914, '6675654825'),
(2915, '8464170076'),
(2916, '8022303409'),
(2917, '3485754931'),
(2918, '5163919764'),
(2919, '7749490048'),
(2920, '9361939899'),
(2921, '947317749'),
(2922, '6683470507'),
(2923, '1506918094'),
(2924, '6600321371'),
(2925, '2115780383'),
(2926, '6445287107'),
(2927, '3397445895'),
(2928, '8583155564'),
(2929, '2642441057'),
(2930, '861584570'),
(2931, '9199878239'),
(2932, '9488461269'),
(2933, '1751681170'),
(2934, '9706850845'),
(2935, '164331397'),
(2936, '325670648'),
(2937, '866315097'),
(2938, '6299602502'),
(2939, '618150402'),
(2940, '4777275757'),
(2941, '1240382189'),
(2942, '3211471057'),
(2943, '1673326334'),
(2944, '203791708'),
(2945, '9055734816'),
(2946, '7863773667'),
(2947, '8927389909'),
(2948, '8990645182'),
(2949, '8319329354'),
(2950, '5717658932'),
(2951, '194432431'),
(2952, '5431877436'),
(2953, '6956694531'),
(2954, '9659466358'),
(2955, '5460691086'),
(2956, '4934439365'),
(2957, '7063092170'),
(2958, '269631989'),
(2959, '9202598125'),
(2960, '6347222984'),
(2961, '3128193654'),
(2962, '6201521893'),
(2963, '1914481973'),
(2964, '4487738297'),
(2965, '4134304403'),
(2966, '5849767391'),
(2967, '8899810286'),
(2968, '2211976721'),
(2969, '6800612045'),
(2970, '5628890952'),
(2971, '2464853120'),
(2972, '1408534207'),
(2973, '2585634132'),
(2974, '3738764161'),
(2975, '9776529207'),
(2976, '2984745160'),
(2977, '2903597114'),
(2978, '5792783087'),
(2979, '8631104589'),
(2980, '6041360091'),
(2981, '2473733123'),
(2982, '7273515987'),
(2983, '5965402635'),
(2984, '3986231431'),
(2985, '9611831375'),
(2986, '8508690330'),
(2987, '4194243134'),
(2988, '6087847627'),
(2989, '5753827886'),
(2990, '1436627547'),
(2991, '8451433382'),
(2992, '5421407153'),
(2993, '9004638020'),
(2994, '2400690827'),
(2995, '2983416718'),
(2996, '4638855556'),
(2997, '9498843278'),
(2998, '5715435429'),
(2999, '7907405932'),
(3000, '8205359570'),
(3001, '8559578575'),
(3002, '5298310323'),
(3003, '1725197080'),
(3004, '7402172051'),
(3005, '9029817224'),
(3006, '9650115541'),
(3007, '3307000468'),
(3008, '5588823971'),
(3009, '9445159252'),
(3010, '7428686664'),
(3011, '4329851799'),
(3012, '9751399374'),
(3013, '2495253494'),
(3014, '9618403693'),
(3015, '6647933999'),
(3016, '9952812724'),
(3017, '669038489'),
(3018, '5684911623'),
(3019, '5717361418'),
(3020, '4124469459'),
(3021, '9259480679'),
(3022, '5829940749'),
(3023, '6750285149'),
(3024, '2314177764'),
(3025, '2936923167'),
(3026, '1783586692'),
(3027, '3940190532'),
(3028, '6024227052'),
(3029, '4986330835'),
(3031, '621350222'),
(3032, '8668306130'),
(3033, '8387761582'),
(3034, '918220813'),
(3035, '8711906016'),
(3036, '983182822'),
(3037, '7935846980'),
(3038, '5247647111'),
(3039, '1820529779'),
(3040, '5079203529'),
(3041, '1874884593'),
(3042, '1484263530'),
(3043, '8580294632'),
(3044, '8823582329'),
(3045, '6123619727'),
(3046, '9249078730'),
(3047, '8326667659'),
(3048, '5957291603'),
(3049, '1845436542'),
(3050, '1227769511'),
(3051, '2899077538'),
(3052, '8448836463'),
(3053, '187864122'),
(3054, '7317627263'),
(3055, '5668549548'),
(3056, '3696302679'),
(3057, '2879329144'),
(3058, '2536381963'),
(3059, '4511960238'),
(3060, '7856517570'),
(3061, '5266831070'),
(3062, '6797868150'),
(3063, '9448148810'),
(3064, '1550392525'),
(3065, '5786371600'),
(3066, '5789865278'),
(3067, '7061049717'),
(3068, '5112280922'),
(3069, '1835578408'),
(3070, '6634629083'),
(3071, '3378535184'),
(3072, '6410193269'),
(3073, '9268137326'),
(3074, '5030615221'),
(3075, '177377859'),
(3076, '1935605527'),
(3077, '3570120166'),
(3078, '7132759473'),
(3079, '7036467885'),
(3080, '6799096785'),
(3081, '3885892816'),
(3082, '8102614359'),
(3083, '499189900'),
(3084, '3072775024'),
(3085, '6012372762'),
(3086, '2431289965'),
(3087, '5477712330'),
(3088, '4110841773'),
(3089, '5893280135'),
(3090, '7894331151'),
(3091, '7538780569'),
(3092, '9062000052'),
(3093, '7894394049'),
(3094, '6442582139'),
(3095, '4387442929'),
(3096, '6414016575'),
(3097, '9582525345'),
(3098, '8751094787'),
(3099, '8319965070'),
(3100, '8978162326'),
(3101, '6923282867'),
(3102, '2475440882'),
(3103, '9552535482'),
(3104, '481290628'),
(3105, '7699972643'),
(3106, '9531797036'),
(3107, '6355581405'),
(3108, '1583785955'),
(3109, '82993308'),
(3110, '6464951130'),
(3111, '8489649132'),
(3112, '4198291705'),
(3113, '3326258792'),
(3114, '1824270339'),
(3115, '6135330314'),
(3116, '4896711510'),
(3117, '9627911581'),
(3118, '9508697338'),
(3119, '5442022510'),
(3120, '1321738282'),
(3121, '3282136166'),
(3122, '6279037426'),
(3123, '4289724761'),
(3124, '2308647857'),
(3125, '2583021615'),
(3126, '2928116378'),
(3127, '6961716296'),
(3128, '5772049320'),
(3129, '8428690736'),
(3130, '7002755074'),
(3131, '8285816487'),
(3132, '7730233716'),
(3133, '8878705210'),
(3134, '9438406710'),
(3135, '7007425079'),
(3136, '3511513135'),
(3137, '1105849260'),
(3138, '2607755595'),
(3139, '5149644685'),
(3140, '120522919'),
(3141, '4596929883'),
(3142, '1762383949'),
(3143, '247977739'),
(3144, '5790537511'),
(3145, '6954550082'),
(3146, '2882173221'),
(3147, '6016450111'),
(3148, '2759853725'),
(3149, '7445084386'),
(3150, '7740884684'),
(3151, '52142651'),
(3152, '2577414426'),
(3153, '4384903427'),
(3154, '2362963398'),
(3155, '2666333881'),
(3156, '5697535353'),
(3157, '120235292'),
(3158, '729381262'),
(3159, '8447565439'),
(3160, '9428051462'),
(3161, '8394669062'),
(3162, '5125851491'),
(3163, '9777030723'),
(3164, '6334057495'),
(3165, '1099714204'),
(3166, '4786119932'),
(3167, '5887228403'),
(3168, '3410368443'),
(3169, '9512486846'),
(3170, '4358601312'),
(3171, '4920266687'),
(3172, '2836261816'),
(3173, '1927566600'),
(3174, '370478838'),
(3175, '5879706755'),
(3176, '8208074933'),
(3177, '2175131601'),
(3178, '1506944362'),
(3179, '3648109619'),
(3180, '7002693434'),
(3181, '9832280168'),
(3182, '1535123833'),
(3183, '8420044686'),
(3184, '1546406570'),
(3185, '7605829235'),
(3186, '4733221088'),
(3187, '5935714411'),
(3188, '1351121907'),
(3189, '1989217285'),
(3190, '4972491290'),
(3191, '2058184824'),
(3192, '6735729106'),
(3193, '3197480385'),
(3194, '8370595154'),
(3195, '4448533962'),
(3196, '6708328638'),
(3197, '1509640454'),
(3198, '5182467651'),
(3199, '676840078'),
(3200, '1490426580'),
(3201, '3714695815'),
(3202, '8419398354'),
(3203, '8337669440'),
(3204, '4351713589'),
(3205, '2881802586'),
(3206, '2880818471'),
(3207, '1911263969'),
(3208, '6032052991'),
(3209, '9813649108'),
(3210, '4547094954'),
(3211, '8131614063'),
(3212, '420979993'),
(3213, '726389076'),
(3214, '190002112'),
(3215, '7651379512'),
(3216, '2214635029'),
(3217, '2847783531'),
(3218, '7140924715'),
(3219, '684634255'),
(3220, '9564943763'),
(3221, '3858315289'),
(3222, '8191366388'),
(3223, '8840110475'),
(3224, '4754273720'),
(3225, '77049931'),
(3226, '7953353005'),
(3227, '7876266265'),
(3228, '3650724470'),
(3229, '2516088693'),
(3230, '5030421008'),
(3231, '9592035039'),
(3232, '2751101652'),
(3233, '6318270947'),
(3234, '4247534947'),
(3235, '2004743397'),
(3236, '2781136490'),
(3237, '1085426294'),
(3238, '5552289213'),
(3239, '8984490952'),
(3240, '9088287706'),
(3241, '6198208764'),
(3242, '3335792456'),
(3243, '6421047927'),
(3244, '2608726004'),
(3245, '5728626880'),
(3246, '2883549714'),
(3247, '1412514598'),
(3248, '2786592446'),
(3249, '559137588'),
(3250, '5090147618'),
(3251, '7224346313'),
(3252, '2085668033'),
(3253, '9160712838'),
(3254, '3020275362'),
(3255, '6438530762'),
(3256, '7852620717'),
(3257, '2341104182'),
(3258, '7813315049'),
(3259, '3201034231'),
(3260, '4005483431'),
(3261, '2774645830'),
(3262, '8611706190'),
(3263, '3416965246'),
(3264, '637897115'),
(3265, '3604038513'),
(3266, '5435300165'),
(3267, '6349389249'),
(3268, '5903949555'),
(3269, '1092633394'),
(3270, '6973707095'),
(3271, '2825104363'),
(3272, '9377045349'),
(3273, '1664337877'),
(3274, '4411372353'),
(3275, '7471990205'),
(3276, '3874624804'),
(3277, '9124072450'),
(3278, '9194324797'),
(3279, '1501115857'),
(3280, '4291850935'),
(3281, '6512259643'),
(3282, '6442571811'),
(3283, '4277671103'),
(3284, '9590692725'),
(3285, '7757957166'),
(3286, '4355555317'),
(3287, '7320720106'),
(3288, '8265178931'),
(3289, '5479024466'),
(3290, '5610460486'),
(3291, '8930194660'),
(3292, '1305596594'),
(3293, '1952421335'),
(3294, '1563685520'),
(3295, '1346122996'),
(3296, '9557032343'),
(3297, '8312941034'),
(3298, '5600151257'),
(3299, '4490952806'),
(3300, '4837745238'),
(3301, '5106376338'),
(3302, '2002288052'),
(3303, '6891148186'),
(3304, '9933688604'),
(3305, '4573444122'),
(3306, '7973164575'),
(3307, '8174971525'),
(3308, '5726782872'),
(3309, '7141642765'),
(3310, '94709510'),
(3311, '1260463438'),
(3312, '3603886653'),
(3313, '7859002439'),
(3314, '2402867693'),
(3315, '2384152928'),
(3316, '4914133234'),
(3317, '9162438792'),
(3318, '9471376021'),
(3319, '3145856200'),
(3320, '3131235299'),
(3321, '9590437671'),
(3322, '9941973633'),
(3323, '1130629587'),
(3324, '9215780613'),
(3325, '1874425742'),
(3326, '6894819861'),
(3327, '9889667261'),
(3328, '5549620376'),
(3329, '3439849194'),
(3330, '3858699193'),
(3331, '520674174'),
(3332, '1399464084'),
(3333, '371665036'),
(3334, '2293638849'),
(3335, '6882830769'),
(3336, '8767859284'),
(3337, '3089066837'),
(3338, '6976570488'),
(3339, '8414858328'),
(3340, '5764547900'),
(3341, '4660151699'),
(3342, '1458025361'),
(3343, '5178952435'),
(3344, '5771208013'),
(3345, '5573283667'),
(3346, '5863779562'),
(3347, '7465807961'),
(3348, '8807219533'),
(3349, '3684038845'),
(3350, '7629866484'),
(3351, '2054156109'),
(3352, '1196407437'),
(3353, '6763965627'),
(3354, '6122659539'),
(3355, '1012833301'),
(3356, '6752914777'),
(3357, '8993177053'),
(3358, '7890181536'),
(3359, '7744558181'),
(3360, '2674119478'),
(3361, '6243804578'),
(3362, '6428721964'),
(3363, '1224335808'),
(3364, '8861155067'),
(3365, '3330900962'),
(3366, '8007363148'),
(3367, '4033661296'),
(3368, '8201443986'),
(3369, '7262938220'),
(3370, '7848341793'),
(3371, '4966572284'),
(3372, '3689377346'),
(3373, '4538488552'),
(3374, '6296094092'),
(3375, '6222583568'),
(3376, '3851432235'),
(3377, '7118126225'),
(3378, '9045949471'),
(3379, '248610813'),
(3380, '569215623'),
(3381, '6565101315'),
(3382, '183789269'),
(3383, '9251084069'),
(3384, '2119057963'),
(3385, '452586586'),
(3386, '1923221463'),
(3387, '375802694'),
(3388, '6850467090'),
(3389, '615927350'),
(3390, '3164460689'),
(3391, '8921184300'),
(3392, '5257812086'),
(3393, '8059414571'),
(3394, '440491980'),
(3395, '8451411706'),
(3396, '7842620012'),
(3397, '2295468620'),
(3398, '2029106743'),
(3399, '3647017325'),
(3400, '3241112196'),
(3401, '5685337546'),
(3402, '7003283926'),
(3403, '2294398161'),
(3404, '8670644080'),
(3405, '6016973158'),
(3406, '9481070605'),
(3407, '3542530569'),
(3408, '4585879859'),
(3409, '3693122115'),
(3410, '9139398920'),
(3411, '7142122485'),
(3412, '8792808841'),
(3413, '4737770800'),
(3414, '2683500003'),
(3415, '7102073067'),
(3416, '2092352922'),
(3417, '6021962239'),
(3418, '9489566324'),
(3419, '4406311344'),
(3420, '1259653322'),
(3421, '3818373419'),
(3422, '8453439359'),
(3423, '2477177891'),
(3424, '8375998881'),
(3425, '3680348112'),
(3426, '4710310083'),
(3427, '4960714364'),
(3428, '9214051831'),
(3429, '326366664'),
(3430, '3456208067'),
(3431, '2685468990'),
(3432, '2180810346'),
(3433, '4833045789'),
(3434, '9811870363'),
(3435, '779421369'),
(3436, '4137669134'),
(3437, '8501206074'),
(3438, '6004598645'),
(3439, '209638930'),
(3440, '9688431750'),
(3441, '3972483191'),
(3442, '5262449665'),
(3443, '283833786'),
(3444, '9224717542'),
(3445, '3073143321'),
(3446, '8188271152'),
(3447, '4554673721'),
(3448, '2033681643'),
(3449, '770385767'),
(3450, '7014962460'),
(3451, '180206940'),
(3452, '9252993918'),
(3453, '2221857673'),
(3454, '6804172044'),
(3455, '3147887302'),
(3456, '1417367369'),
(3457, '2779675187'),
(3458, '9148713635'),
(3459, '6880178430'),
(3460, '1128653168'),
(3461, '3233602848'),
(3462, '3842028095'),
(3463, '2202996207'),
(3464, '6075562406'),
(3465, '124843280'),
(3466, '7185779540'),
(3467, '7082162050'),
(3468, '1497251226'),
(3469, '13556132'),
(3470, '5732603619'),
(3471, '5161155639'),
(3472, '6944459286'),
(3473, '7090981031'),
(3474, '8141832351'),
(3475, '454368002'),
(3476, '1606391200'),
(3477, '9061359921'),
(3478, '4939401547'),
(3479, '7135352768'),
(3480, '4279146687'),
(3481, '4916661217'),
(3482, '6945354146'),
(3483, '5200224779'),
(3484, '768679420'),
(3485, '3477879407'),
(3486, '8253724910'),
(3487, '2761615974'),
(3488, '6157788349'),
(3489, '5071163607'),
(3490, '5048311598'),
(3491, '4355567725'),
(3492, '8563154970'),
(3493, '3282186120'),
(3494, '2193663592'),
(3495, '2378449026'),
(3496, '9100799478'),
(3497, '9737152404'),
(3498, '7802904971'),
(3499, '7752699350'),
(3500, '720831406'),
(3501, '6520265264'),
(3502, '7268810712'),
(3503, '7001701559'),
(3504, '9309813170'),
(3505, '8015563378'),
(3506, '1687312164'),
(3507, '5775512760'),
(3508, '142425970'),
(3509, '609572775'),
(3510, '7850656955'),
(3511, '9071140883'),
(3512, '4425819249'),
(3513, '9100912743'),
(3514, '6301416152'),
(3515, '6217483347'),
(3516, '2320810341'),
(3517, '4553448639'),
(3518, '3591967973'),
(3519, '4329840050'),
(3520, '4998851939'),
(3521, '8615231230'),
(3522, '7844030394'),
(3523, '9005048958'),
(3524, '5837253096'),
(3525, '8624312585'),
(3526, '5746189674'),
(3527, '6037037641'),
(3528, '2462641092'),
(3529, '1913199361'),
(3530, '2879157964'),
(3531, '6074745642'),
(3532, '9853270539'),
(3533, '6739186178'),
(3534, '8011070986'),
(3535, '5757408632'),
(3536, '3597534396'),
(3537, '8762961122'),
(3538, '71493073'),
(3539, '7307671650'),
(3540, '3582699995'),
(3541, '9112410617'),
(3542, '58780287'),
(3543, '1619863540'),
(3544, '7212259523'),
(3545, '4210894061'),
(3546, '5285317581'),
(3547, '8705295003'),
(3548, '9972561884'),
(3549, '6525952623'),
(3550, '9294490178'),
(3551, '9636104870'),
(3552, '1063530734'),
(3553, '2061553086'),
(3554, '2067368069'),
(3555, '2530372386'),
(3556, '6485200273'),
(3557, '9711551782'),
(3558, '7052834744'),
(3559, '1176429631'),
(3560, '4332587570'),
(3561, '2024509702'),
(3562, '7674178414'),
(3563, '8028528806'),
(3564, '2949990709'),
(3565, '2750206357'),
(3566, '98266020'),
(3567, '9382014391'),
(3568, '8620660727'),
(3569, '6843699744'),
(3570, '5163689959'),
(3571, '9042644744'),
(3572, '3479625225'),
(3573, '1970574179'),
(3574, '7472597829'),
(3575, '1104377054'),
(3576, '8221570707'),
(3577, '8398010403'),
(3578, '7914247024'),
(3579, '9648628259'),
(3580, '8761385135'),
(3581, '8066774548'),
(3582, '5570133438'),
(3583, '5434593534'),
(3584, '6518296393'),
(3585, '4451157836'),
(3586, '5563699678'),
(3587, '1347969474'),
(3588, '7850725632'),
(3589, '6041285968'),
(3590, '4072734921'),
(3591, '2434580543'),
(3592, '7998814315'),
(3593, '134434035'),
(3594, '3058875934'),
(3595, '5418303256'),
(3596, '2446367191'),
(3597, '4081624423'),
(3598, '4514947984'),
(3599, '9465395467'),
(3600, '9554504900'),
(3601, '4285216088'),
(3602, '4832875930'),
(3603, '717975089'),
(3604, '3547298164'),
(3605, '9246355839'),
(3606, '4943969412'),
(3607, '5842225900'),
(3608, '1952328743'),
(3609, '5234444013'),
(3610, '3887429027'),
(3611, '7874666515'),
(3612, '8130528655'),
(3613, '6519701223'),
(3614, '9105360351'),
(3615, '8837599280'),
(3616, '2544353226'),
(3617, '5646239977'),
(3618, '8629260426'),
(3619, '3456145607'),
(3620, '6947195891'),
(3621, '8973641431'),
(3622, '3162119286'),
(3623, '8655164860'),
(3624, '1906549848'),
(3625, '947467767'),
(3626, '6323906476'),
(3627, '1812068656'),
(3628, '3182874618'),
(3629, '6397949591'),
(3630, '9832380682'),
(3631, '2561737233'),
(3632, '1775278414'),
(3633, '7157567859'),
(3634, '6972202131'),
(3635, '8897317411'),
(3636, '1969550982'),
(3637, '363082670'),
(3638, '4955352458'),
(3639, '5735280058'),
(3640, '8646548101'),
(3641, '13815572'),
(3642, '4227154257'),
(3643, '1571187915'),
(3644, '6065564637'),
(3645, '2563116539'),
(3646, '284729034'),
(3647, '7613081351'),
(3648, '9053951180'),
(3649, '5609629692'),
(3650, '5346298840'),
(3651, '8984340524'),
(3652, '3123888061'),
(3653, '5379803798'),
(3654, '3990597263'),
(3655, '9858616322'),
(3656, '2428062886'),
(3657, '426106678'),
(3658, '5456424574'),
(3659, '9959867526'),
(3660, '8647776389'),
(3661, '8460574329'),
(3662, '1608439911'),
(3663, '1108218533'),
(3664, '5074681198'),
(3665, '8344030265'),
(3666, '7722000605'),
(3667, '6615671842'),
(3668, '2922142529'),
(3669, '8409065221'),
(3670, '3706714979'),
(3671, '3659055987'),
(3672, '9007428975'),
(3673, '5098022669'),
(3674, '2064781387'),
(3675, '8831391629'),
(3676, '4507165013'),
(3677, '3273741890'),
(3678, '5395848181'),
(3679, '1276693140'),
(3680, '2742426721'),
(3681, '1788769674'),
(3682, '3264061284'),
(3683, '6319685646'),
(3684, '4336337439'),
(3685, '8917616838'),
(3686, '9249031231'),
(3687, '7413845201'),
(3688, '5002199162'),
(3689, '2150989784'),
(3690, '2496355282'),
(3691, '1605076138'),
(3692, '288907231'),
(3693, '8691011843'),
(3694, '7269317747'),
(3695, '4074021121'),
(3696, '7286014828'),
(3697, '9140085284'),
(3698, '9778424863'),
(3699, '9631606487'),
(3700, '7265327533'),
(3701, '3125523038'),
(3702, '7900080254'),
(3703, '1576023637'),
(3704, '5538475222'),
(3705, '3434601438'),
(3706, '2481788960'),
(3707, '1997757228'),
(3708, '8734670754'),
(3709, '8673611071'),
(3710, '424855673'),
(3711, '6240919224'),
(3712, '4988332486'),
(3713, '9400316760'),
(3714, '5251484862'),
(3715, '3066205495'),
(3716, '2917026208'),
(3717, '9549748622'),
(3718, '2150800124'),
(3719, '6204485998'),
(3720, '3487823883'),
(3721, '8597289468'),
(3722, '2991171943'),
(3723, '9420769811'),
(3724, '5167551616'),
(3725, '6803992329'),
(3726, '1401919801'),
(3727, '8656634357'),
(3728, '6991401539'),
(3729, '2496502151'),
(3730, '3901910817'),
(3731, '9232007634'),
(3732, '1498958375'),
(3733, '3490548501'),
(3734, '9341543920'),
(3735, '9612476153'),
(3736, '4543311088'),
(3737, '4947967407'),
(3738, '6657934201'),
(3739, '7881014322'),
(3740, '4462861836'),
(3741, '8726234052'),
(3742, '8987148791'),
(3743, '2757697111'),
(3744, '6059311541'),
(3745, '6459668925'),
(3746, '7538336838'),
(3747, '7500272188'),
(3748, '1783297950'),
(3749, '3474092328'),
(3750, '6705200420'),
(3751, '8744770305'),
(3752, '3028462640'),
(3753, '5945615983'),
(3754, '5586794536'),
(3755, '8037245238'),
(3756, '404570064'),
(3757, '8217726616'),
(3758, '3435553251'),
(3759, '7898842940'),
(3760, '987695600'),
(3761, '6917283029'),
(3762, '6195829104'),
(3763, '9248244342'),
(3764, '3594466396'),
(3765, '4730022479'),
(3766, '7914403985'),
(3767, '9645600532'),
(3768, '6552141090'),
(3769, '6856872282'),
(3770, '631156199'),
(3771, '7995974604'),
(3772, '3712978665'),
(3773, '778474711'),
(3774, '6608977081'),
(3775, '6171054302'),
(3776, '1534221037'),
(3777, '7499121173'),
(3778, '1887227452'),
(3779, '6246903976'),
(3780, '5395002306'),
(3781, '4627738046'),
(3782, '4617035225'),
(3783, '3465849004'),
(3784, '2175778702'),
(3785, '1863601405'),
(3786, '96140325'),
(3787, '3737429897'),
(3788, '1091760710'),
(3789, '5248935595'),
(3790, '9034961975'),
(3791, '3291178814'),
(3792, '2279499820'),
(3793, '2792279984'),
(3794, '3828173229'),
(3795, '1951554858'),
(3796, '9930437570'),
(3797, '9814542687'),
(3798, '1450050593'),
(3799, '1370716033'),
(3800, '5087048087'),
(3801, '5084273114'),
(3802, '4414549065'),
(3803, '4341610539'),
(3804, '6470966910'),
(3805, '7052609743'),
(3806, '7526010857'),
(3807, '9253019320'),
(3808, '1205883726'),
(3809, '2487168225'),
(3810, '6132685156'),
(3811, '9496870630'),
(3812, '4218435600'),
(3813, '3754759130'),
(3814, '2349623345'),
(3815, '9309107737'),
(3816, '4868330142'),
(3817, '2577171268'),
(3818, '5144155473'),
(3819, '5175209408'),
(3820, '1157993120'),
(3821, '8482233576'),
(3822, '1975740610'),
(3823, '6244744833'),
(3824, '1685295428'),
(3825, '3267154058'),
(3826, '1440264955'),
(3827, '4494070873'),
(3828, '4342531897'),
(3829, '4514340989'),
(3830, '7067771214'),
(3831, '1149832253'),
(3832, '2497004100'),
(3833, '610186630'),
(3834, '9649855946'),
(3835, '6120640637'),
(3836, '6541342767'),
(3837, '5435813816'),
(3838, '8122480887'),
(3839, '5801792241'),
(3840, '4387024926'),
(3841, '838160585'),
(3842, '8219147099'),
(3843, '4528794191'),
(3844, '3041393093'),
(3845, '7677424650'),
(3846, '3660192170'),
(3847, '1040284652'),
(3848, '6907603210'),
(3849, '1037506192'),
(3850, '1140710951'),
(3851, '5943269774'),
(3852, '4427355145'),
(3853, '3334759554'),
(3854, '6330841774'),
(3855, '358805715'),
(3856, '5207112190'),
(3857, '4792069967'),
(3858, '3598156740'),
(3859, '2708473730'),
(3860, '1013147826'),
(3861, '9967093650'),
(3862, '2690199352'),
(3863, '5760675392'),
(3864, '3247527822'),
(3865, '1300812941'),
(3866, '3062876960'),
(3867, '4640921511'),
(3868, '7141654733'),
(3869, '6484064099'),
(3870, '4600730983'),
(3871, '5095002784'),
(3872, '6659719977'),
(3873, '1214229299'),
(3874, '1218564313'),
(3875, '4386680085'),
(3876, '1161449787'),
(3877, '8290461436'),
(3878, '4412720471'),
(3879, '4170615988'),
(3880, '6471683995'),
(3881, '385844024'),
(3882, '5321898746'),
(3883, '6663744396'),
(3884, '8983058581'),
(3885, '1377182580'),
(3886, '382072058'),
(3887, '8522596896'),
(3888, '7674373929'),
(3889, '7927800714'),
(3890, '1351595556'),
(3891, '211319739'),
(3892, '1899078408'),
(3893, '1199348005'),
(3894, '9189635783'),
(3895, '86793794'),
(3896, '2404268854'),
(3897, '6572636240'),
(3898, '4654736493'),
(3899, '3376942315'),
(3900, '8229138709'),
(3901, '682781859'),
(3902, '6465133006'),
(3903, '5885470618'),
(3904, '6881660949'),
(3905, '4690089494'),
(3906, '2952808394'),
(3907, '484987142'),
(3908, '6112382053'),
(3909, '9035487454'),
(3910, '9643604126'),
(3911, '626373862'),
(3912, '9187569699'),
(3913, '1962590769'),
(3914, '8823065517'),
(3915, '1540490950'),
(3916, '5010007798'),
(3917, '5473196950'),
(3918, '3826757387'),
(3919, '4972983562'),
(3920, '5739136448'),
(3921, '6415840371'),
(3922, '9080103078'),
(3923, '934048486'),
(3924, '9120809748'),
(3925, '3436942633'),
(3926, '5392732713'),
(3927, '5399166319'),
(3928, '5267273865'),
(3929, '6142859699'),
(3930, '129947162'),
(3931, '9155886860'),
(3932, '3488380823'),
(3933, '8275321061'),
(3934, '4787774470'),
(3935, '7321354830'),
(3936, '9470875651'),
(3937, '1521407192'),
(3938, '1248145880'),
(3939, '1158970803'),
(3940, '3198087433'),
(3941, '7771702664'),
(3942, '6222626505'),
(3943, '7277358609'),
(3944, '9052951631'),
(3945, '7599294984'),
(3946, '1396907770'),
(3947, '9858168324'),
(3948, '6437063983'),
(3949, '4318717297'),
(3950, '6546117596'),
(3951, '5337729766'),
(3952, '6486187701'),
(3953, '615326975'),
(3954, '4041295808'),
(3955, '1605803132'),
(3956, '7225159979'),
(3957, '5504415002'),
(3958, '8675828209'),
(3959, '4898845185'),
(3960, '2176336906'),
(3961, '345299881'),
(3962, '7529208117'),
(3963, '6368311286'),
(3964, '7977126437'),
(3965, '837537917'),
(3966, '7209101253'),
(3967, '9449320631'),
(3968, '9984946042'),
(3969, '9804834704'),
(3970, '2536122452'),
(3971, '6466738718'),
(3972, '7314647000'),
(3973, '2130120110'),
(3974, '7532054514'),
(3975, '6197240555'),
(3976, '7307387879'),
(3977, '2531580851'),
(3978, '7413221484'),
(3979, '4051238338'),
(3980, '1907881919'),
(3981, '7489499233'),
(3982, '3438753302'),
(3983, '4337930382'),
(3984, '6033760973'),
(3985, '7628689844'),
(3986, '4348408169'),
(3987, '9732073143'),
(3988, '9880762887'),
(3989, '1108259029'),
(3990, '4774651785'),
(3991, '8521416584'),
(3992, '5700693211'),
(3993, '4814612346'),
(3994, '9516920480'),
(3995, '2559754058'),
(3996, '6724456430'),
(3997, '1112350929'),
(3998, '1688077798'),
(3999, '2939802026'),
(4000, '4500338371'),
(4001, '7579106109'),
(4002, '4950225210'),
(4003, '5304714071'),
(4004, '6680849805'),
(4005, '7892599183'),
(4006, '8404694277'),
(4007, '1833940034'),
(4008, '9343499814'),
(4009, '8045975585'),
(4010, '9768840807'),
(4011, '1277696598'),
(4012, '3620136714'),
(4013, '7480470954'),
(4014, '1910161467'),
(4015, '6519707345'),
(4016, '1373014667'),
(4017, '7594383385'),
(4018, '3537919190'),
(4019, '4390239948'),
(4020, '1240554536'),
(4021, '2565133401'),
(4022, '9832579664'),
(4023, '2624925074'),
(4024, '3352663304'),
(4025, '757295626'),
(4026, '2045061841'),
(4027, '6434378496'),
(4028, '6657195988'),
(4029, '2879040013'),
(4030, '6199123856'),
(4031, '3686493365'),
(4032, '8980741134'),
(4033, '3490445308'),
(4034, '7639794931'),
(4035, '154442720'),
(4036, '4770177720'),
(4037, '2415006119'),
(4038, '6322841169'),
(4039, '1089687781'),
(4040, '7425707304'),
(4041, '452164065'),
(4042, '3744146402'),
(4043, '4615340185'),
(4044, '4619443839'),
(4045, '7621043062'),
(4046, '7040343458'),
(4047, '4248982878'),
(4048, '13197592'),
(4049, '4210537909'),
(4050, '4408831817'),
(4051, '3192388319'),
(4052, '5720447744'),
(4053, '3213372606'),
(4054, '6737469465'),
(4055, '7815109271'),
(4056, '6375396392');

-- --------------------------------------------------------

--
-- Structure de la table `doctrine_migration_versions`
--

DROP TABLE IF EXISTS `doctrine_migration_versions`;
CREATE TABLE IF NOT EXISTS `doctrine_migration_versions` (
  `version` varchar(191) CHARACTER SET utf8mb3 COLLATE utf8mb3_unicode_ci NOT NULL,
  `executed_at` datetime DEFAULT NULL,
  `execution_time` int DEFAULT NULL,
  PRIMARY KEY (`version`)
) ENGINE=InnoDB DEFAULT CHARSET=utf8mb3 COLLATE=utf8mb3_unicode_ci;

--
-- Déchargement des données de la table `doctrine_migration_versions`
--

INSERT INTO `doctrine_migration_versions` (`version`, `executed_at`, `execution_time`) VALUES
('DoctrineMigrations\\Version20220529101004', '2022-05-29 10:10:09', 43),
('DoctrineMigrations\\Version20220529130620', '2022-05-29 13:06:29', 299),
('DoctrineMigrations\\Version20220529131339', '2022-05-29 13:13:42', 52),
('DoctrineMigrations\\Version20220529202756', '2022-05-29 20:28:00', 60),
('DoctrineMigrations\\Version20220529210755', '2022-05-29 21:07:59', 124),
('DoctrineMigrations\\Version20220530105357', '2022-05-30 10:54:02', 444),
('DoctrineMigrations\\Version20220530110511', '2022-05-30 11:05:14', 201),
('DoctrineMigrations\\Version20220530155219', '2022-05-30 15:52:23', 159);

-- --------------------------------------------------------

--
-- Structure de la table `game`
--

DROP TABLE IF EXISTS `game`;
CREATE TABLE IF NOT EXISTS `game` (
  `id` int NOT NULL AUTO_INCREMENT,
  `closing_date` datetime NOT NULL,
  PRIMARY KEY (`id`)
) ENGINE=InnoDB AUTO_INCREMENT=2 DEFAULT CHARSET=utf8mb4 COLLATE=utf8mb4_unicode_ci;

--
-- Déchargement des données de la table `game`
--

INSERT INTO `game` (`id`, `closing_date`) VALUES
(1, '2023-11-10 12:06:05');

-- --------------------------------------------------------

--
-- Structure de la table `tickets`
--

DROP TABLE IF EXISTS `tickets`;
CREATE TABLE IF NOT EXISTS `tickets` (
  `id` int NOT NULL AUTO_INCREMENT,
  `title` varchar(255) CHARACTER SET utf8mb4 COLLATE utf8mb4_unicode_ci NOT NULL,
  `tickets_left` int DEFAULT NULL,
  PRIMARY KEY (`id`)
) ENGINE=InnoDB AUTO_INCREMENT=8 DEFAULT CHARSET=utf8mb4 COLLATE=utf8mb4_unicode_ci;

--
-- Déchargement des données de la table `tickets`
--

INSERT INTO `tickets` (`id`, `title`, `tickets_left`) VALUES
(1, 'Coffret découverte à 69€', 3),
(2, 'Coffret découverte à 39€', 6),
(3, 'Boite de 100g d\'un thé signature', 9),
(4, 'Boite de 100g d\'un thé detox ou infusion', 15),
(5, 'infuseur à thé', 50),
(6, 'gros lot', 1);

-- --------------------------------------------------------

--
-- Structure de la table `user`
--

DROP TABLE IF EXISTS `user`;
CREATE TABLE IF NOT EXISTS `user` (
  `id` int NOT NULL AUTO_INCREMENT,
  `email` varchar(180) CHARACTER SET utf8mb4 COLLATE utf8mb4_unicode_ci NOT NULL,
  `roles` longtext CHARACTER SET utf8mb4 COLLATE utf8mb4_unicode_ci NOT NULL,
  `password` varchar(255) CHARACTER SET utf8mb4 COLLATE utf8mb4_unicode_ci NOT NULL,
  `address` varchar(1000) CHARACTER SET utf8mb4 COLLATE utf8mb4_unicode_ci DEFAULT NULL,
  `city` varchar(255) CHARACTER SET utf8mb4 COLLATE utf8mb4_unicode_ci DEFAULT NULL,
  `country` varchar(255) CHARACTER SET utf8mb4 COLLATE utf8mb4_unicode_ci DEFAULT NULL,
  `about_us` varchar(1000) CHARACTER SET utf8mb4 COLLATE utf8mb4_unicode_ci DEFAULT NULL,
  `name` varchar(255) CHARACTER SET utf8mb4 COLLATE utf8mb4_unicode_ci DEFAULT NULL,
  `surname` varchar(255) CHARACTER SET utf8mb4 COLLATE utf8mb4_unicode_ci DEFAULT NULL,
  `newsletter` tinyint(1) DEFAULT NULL,
  PRIMARY KEY (`id`),
  UNIQUE KEY `UNIQ_8D93D649E7927C74` (`email`)
) ENGINE=InnoDB AUTO_INCREMENT=21 DEFAULT CHARSET=utf8mb4 COLLATE=utf8mb4_unicode_ci;

--
-- Déchargement des données de la table `user`
--

INSERT INTO `user` (`id`, `email`, `roles`, `password`, `address`, `city`, `country`, `about_us`, `name`, `surname`, `newsletter`) VALUES
(3, 'fawoifrosidi-8420@yopmail.com', '[\"ROLE_ADMIN\"]', '$2y$13$pstyWZ4eKIayJk8B/R8Uu.wnrhrT4s15XxsCAZOoeyv5MJONjYvgW', NULL, NULL, NULL, NULL, NULL, NULL, NULL),
(4, 'pakoiyowesei-6808@yopmail.com', '[\"ROLE_USER\"]', '$2y$13$SJ9g6iR52mdkwQeYggm1IO.qydpRDsxjsbGk4js/cZyWf52MZruY6', '23 rue saint genes', 'Clermont-Ferrand', 'France', 'internet', 'de Valmont', 'louis', 1),
(5, 'quevunnunnolu-6029@yopmail.com', '[]', '$2y$13$ao3Glycpjwxg/6P/SflqCOy06Mtc1bIwVSM5bxEGGIoEsiy.KsbGW', '23 rue saint genes', 'Clermont-Ferrand', 'France', 'internet', 'de Valmont', 'louis', 1),
(6, 'kevutoheuzi-7356@yopmail.com', '[]', '$2y$13$810eFlVUZsdIrLDP2pozduFJESmMCeNHC0oSjRyBj0kJlv.JiQXFG', '23 rue saint genes', 'Clermont-Ferrand', 'France', 'client', 'de Valmont', 'louis', NULL),
(7, 'hatroffeproqui-4876@yopmail.com', '[\"ROLE_USER\"]', '$2y$13$2ovBwtBJ6kbHyDSxgbHnSOmGQc4eY8l4QXDS5sexV/DvoTUeD0rrm', '18 rue des baltins', 'Paris', 'France', 'autre', 'deded', 'marc', NULL),
(9, 'xeuppigrefrossu-5844@yopmail.com', '[]', '$2y$13$9.BTYFG22Y6shW2GELO2ZepKG.9kVt.DNZOvJ3QDhousPIF0War6K', '12 rue du pichet', 'Berlin', 'Allemagne', 'ami', 'beauher', 'jack', 1),
(10, 'blaghmi97@gmail.com', '[\"ROLE_EMPLOYE\"]', '$2y$13$qXT4wAsmX32jDUd5d02LpOmvMJF1hqoHp6b2pRfc8MZ2Q8cwTRMMC', '15 Route d’Asnières', 'Clichy', 'France', 'client', 'Blaghmi', 'Yassine', 1),
(12, 'b@gmail.com', '[]', '$2y$13$vLsNO7CcVPZHX.wHbJc/2e1o6l0RexvnF5J1z9mH077VC9yZShBuu', '15 Route d’Asnières', 'Clichy', 'France', 'ami', 'Blaghmi', 'Yassine', 1),
(14, 'blagh7@gmail.com', '[\"ROLE_EMPLOYE\"]', '$2y$13$xXKZVVjf01g2BApxNcntmOs1b2l5YLRKAfXkoP3cMOEA7rtBEhcH.', '15 Route d’Asnières', 'Clichy', 'France', 'ami', 'Yassine Blaghmi', 'cc', 1),
(16, 'blc7@gmail.com', '[\"ROLE_USER\"]', '$2y$13$h9s2t4l8Lk15UAu7led.BuHQDgHyQbjsdLHgtWwQG.IHfU9BZk1ba', '111 Boulevard Camélinat', 'GENNEVILLIERS', 'France', 'ami', 'Yassine Blaghmi', 'Yassine', 1),
(17, '5@gmail.com', '[\"ROLE_USER\"]', '$2y$13$YpA2557XTq1yHRyEg9t1ruLKtmIo3YwtBc7CK1.0GQ6SrCvuK2RBe', '111 Boulevard Camélinat', 'GENNEVILLIERS', 'France', 'ami', 'Yassine Blaghmi', 'Yassine', 1),
(19, 'ali@gmail.com', '[\"ROLE_ADMIN\"]', '$2y$13$AwZuvoAbHK0smqRgv9IuvekGjncIa8alRCVS5DFP.r1fD973WfroC', '92200', 'clichy', 'france', 'ami', 'amd', 'ali', 1),
(20, 'aliou@gmail.com', '[\"ROLE_ADMIN\"]', '$2y$13$xkkhrcqcsOLyuXT.ih4KFuRK9L0gkwnSEUBpci9NDBULMlxPqgKey', '92200', 'clichy', 'France', 'ami', 'Mani', 'ALiou', 1);

-- --------------------------------------------------------

--
-- Structure de la table `winners`
--

DROP TABLE IF EXISTS `winners`;
CREATE TABLE IF NOT EXISTS `winners` (
  `id` int NOT NULL AUTO_INCREMENT,
  `user_id` int DEFAULT NULL,
  `ticket_id` int DEFAULT NULL,
  `send` tinyint(1) NOT NULL,
  PRIMARY KEY (`id`),
  KEY `IDX_FCBA146CA76ED395` (`user_id`),
  KEY `IDX_FCBA146C700047D2` (`ticket_id`)
) ENGINE=InnoDB AUTO_INCREMENT=41 DEFAULT CHARSET=utf8mb4 COLLATE=utf8mb4_unicode_ci;

--
-- Déchargement des données de la table `winners`
--

INSERT INTO `winners` (`id`, `user_id`, `ticket_id`, `send`) VALUES
(11, 4, 5, 1),
(12, 4, 5, 1),
(14, 9, 4, 0),
(15, 4, 5, 1),
(16, 14, 5, 1),
(17, 14, 5, 1),
(18, 10, 4, 0),
(19, 10, 4, 1),
(20, 10, 5, 1),
(21, 10, 3, 0),
(24, 19, 5, 1),
(26, 19, 5, 0),
(27, 19, 5, 0),
(33, 20, 4, 0),
(40, 19, 4, 0);

--
-- Contraintes pour les tables déchargées
--

--
-- Contraintes pour la table `winners`
--
ALTER TABLE `winners`
  ADD CONSTRAINT `FK_FCBA146C700047D2` FOREIGN KEY (`ticket_id`) REFERENCES `tickets` (`id`),
  ADD CONSTRAINT `FK_FCBA146CA76ED395` FOREIGN KEY (`user_id`) REFERENCES `user` (`id`);
COMMIT;

/*!40101 SET CHARACTER_SET_CLIENT=@OLD_CHARACTER_SET_CLIENT */;
/*!40101 SET CHARACTER_SET_RESULTS=@OLD_CHARACTER_SET_RESULTS */;
/*!40101 SET COLLATION_CONNECTION=@OLD_COLLATION_CONNECTION */;
